 ,2,23,33,41,53,71,675,2130,3991,5623,6288,14108,16765,19452,20464,22129,23005,24589,25026,30194,31572,31842,33147,33797,35188,35483,36794,38613,40930,41314,42124,43461,45397,48290,49607,51010,51155,53123,53570,57041,57367,59562,60414,62793,63999,65671,67854,69857,70761,72344,74428,74944,76193,79021,80509,82660,83853,84953,86542,87890,88964,91689,92387,95009,95877,97533,98454,101186,103244,103761,105743,107617,109203,111234,113017,116056,117667,119508,119838,122100,122697,125659,126660,129324,130953,132991,134427,134923
2,,,,,,,,,,,,,,,,,,,,,,,,,,,,,,,,,,,,,,,,,,,,,,,,,,,,,,,,,,,,,,,,,,,,,,,,,,,,,,,,,,,,,,,,,
23,0.06521739130434782,,,,,,,,,,,,,,,,,,,,,,,,,,,,,,,,,,,,,,,,,,,,,,,,,,,,,,,,,,,,,,,,,,,,,,,,,,,,,,,,,,,,,,,,
33,0.07951070336391437,0.07371007371007371,,,,,,,,,,,,,,,,,,,,,,,,,,,,,,,,,,,,,,,,,,,,,,,,,,,,,,,,,,,,,,,,,,,,,,,,,,,,,,,,,,,,,,,
41,0.041474654377880185,0.050505050505050504,0.04966887417218543,,,,,,,,,,,,,,,,,,,,,,,,,,,,,,,,,,,,,,,,,,,,,,,,,,,,,,,,,,,,,,,,,,,,,,,,,,,,,,,,,,,,,,
53,0.030456852791878174,0.05415162454873646,0.03900709219858156,0.01744186046511628,,,,,,,,,,,,,,,,,,,,,,,,,,,,,,,,,,,,,,,,,,,,,,,,,,,,,,,,,,,,,,,,,,,,,,,,,,,,,,,,,,,,,
71,0.06967213114754098,0.1574074074074074,0.06990881458966565,0.0593607305936073,0.06030150753768844,,,,,,,,,,,,,,,,,,,,,,,,,,,,,,,,,,,,,,,,,,,,,,,,,,,,,,,,,,,,,,,,,,,,,,,,,,,,,,,,,,,,
675,0.06746031746031746,0.08433734939759036,0.06824925816023739,0.04405286343612335,0.04830917874396135,0.09055118110236221,,,,,,,,,,,,,,,,,,,,,,,,,,,,,,,,,,,,,,,,,,,,,,,,,,,,,,,,,,,,,,,,,,,,,,,,,,,,,,,,,,,
2130,0.061855670103092786,0.043795620437956206,0.05017921146953405,0.05917159763313609,0.040268456375838924,0.09693877551020408,0.12745098039215685,,,,,,,,,,,,,,,,,,,,,,,,,,,,,,,,,,,,,,,,,,,,,,,,,,,,,,,,,,,,,,,,,,,,,,,,,,,,,,,,,,
3991,0.06221198156682028,0.08365758754863813,0.07707129094412331,0.06356968215158924,0.05398457583547558,0.06192660550458716,0.0945945945945946,0.06217616580310881,,,,,,,,,,,,,,,,,,,,,,,,,,,,,,,,,,,,,,,,,,,,,,,,,,,,,,,,,,,,,,,,,,,,,,,,,,,,,,,,,
5623,0.10396039603960396,0.0673758865248227,0.07665505226480836,0.05649717514124294,0.06369426751592357,0.11274509803921569,0.07075471698113207,0.09740259740259741,0.050761421319796954,,,,,,,,,,,,,,,,,,,,,,,,,,,,,,,,,,,,,,,,,,,,,,,,,,,,,,,,,,,,,,,,,,,,,,,,,,,,,,,,
6288,0.07883817427385892,0.07476635514018691,0.06441717791411043,0.05555555555555555,0.04591836734693878,0.07407407407407407,0.07171314741035857,0.046632124352331605,0.06466512702078522,0.06965174129353234,,,,,,,,,,,,,,,,,,,,,,,,,,,,,,,,,,,,,,,,,,,,,,,,,,,,,,,,,,,,,,,,,,,,,,,,,,,,,,,
14108,0.08173076923076923,0.10069444444444445,0.09215017064846416,0.06557377049180328,0.05521472392638037,0.09047619047619047,0.09174311926605505,0.08125,0.0775,0.10714285714285714,0.06763285024154589,,,,,,,,,,,,,,,,,,,,,,,,,,,,,,,,,,,,,,,,,,,,,,,,,,,,,,,,,,,,,,,,,,,,,,,,,,,,,,
16765,0.046632124352331605,0.07326007326007326,0.07194244604316546,0.05357142857142857,0.07432432432432433,0.09230769230769231,0.10344827586206896,0.09655172413793103,0.07012987012987013,0.1111111111111111,0.06770833333333333,0.0880503144654088,,,,,,,,,,,,,,,,,,,,,,,,,,,,,,,,,,,,,,,,,,,,,,,,,,,,,,,,,,,,,,,,,,,,,,,,,,,,,
19452,0.10588235294117647,0.06865671641791045,0.08823529411764706,0.04782608695652174,0.05714285714285714,0.09727626459143969,0.10566037735849057,0.08695652173913043,0.07606263982102908,0.06976744186046512,0.07874015748031496,0.09954751131221719,0.03398058252427184,,,,,,,,,,,,,,,,,,,,,,,,,,,,,,,,,,,,,,,,,,,,,,,,,,,,,,,,,,,,,,,,,,,,,,,,,,,,
20464,0.08459214501510574,0.09002433090024331,0.08653846153846154,0.06209150326797386,0.04895104895104895,0.09309309309309309,0.07917888563049853,0.0706713780918728,0.15105162523900573,0.08247422680412371,0.07272727272727272,0.09764309764309764,0.06382978723404255,0.09883720930232558,,,,,,,,,,,,,,,,,,,,,,,,,,,,,,,,,,,,,,,,,,,,,,,,,,,,,,,,,,,,,,,,,,,,,,,,,,,
22129,0.06756756756756757,0.08244680851063829,0.07611548556430446,0.08487084870848709,0.05976095617529881,0.09731543624161074,0.11437908496732026,0.07258064516129033,0.09836065573770492,0.09765625,0.0847457627118644,0.0916030534351145,0.07692307692307693,0.11003236245954692,0.0987012987012987,,,,,,,,,,,,,,,,,,,,,,,,,,,,,,,,,,,,,,,,,,,,,,,,,,,,,,,,,,,,,,,,,,,,,,,,,,
23005,0.06701030927835051,0.04744525547445255,0.07885304659498207,0.029585798816568046,0.04697986577181208,0.07142857142857142,0.0784313725490196,0.0547945205479452,0.04145077720207254,0.07142857142857142,0.06735751295336788,0.11875,0.07586206896551724,0.09178743961352658,0.05653710247349823,0.07661290322580645,,,,,,,,,,,,,,,,,,,,,,,,,,,,,,,,,,,,,,,,,,,,,,,,,,,,,,,,,,,,,,,,,,,,,,,,,
24589,0.0784313725490196,0.0528169014084507,0.0657439446366782,0.05027932960893855,0.03773584905660377,0.06796116504854369,0.09345794392523364,0.07692307692307693,0.0707070707070707,0.04878048780487805,0.059113300492610835,0.09411764705882353,0.07741935483870968,0.09216589861751152,0.06484641638225255,0.08139534883720931,0.08974358974358974,,,,,,,,,,,,,,,,,,,,,,,,,,,,,,,,,,,,,,,,,,,,,,,,,,,,,,,,,,,,,,,,,,,,,,,,
25026,0.06666666666666667,0.09902912621359224,0.06923076923076923,0.06585365853658537,0.05641025641025641,0.08466819221967964,0.11910112359550562,0.07751937984496124,0.11642743221690591,0.06582278481012659,0.07834101382488479,0.09226932668329177,0.08290155440414508,0.07142857142857142,0.09923664122137404,0.10224948875255624,0.059431524547803614,0.06297229219143577,,,,,,,,,,,,,,,,,,,,,,,,,,,,,,,,,,,,,,,,,,,,,,,,,,,,,,,,,,,,,,,,,,,,,,,
30194,0.05434782608695652,0.056818181818181816,0.055762081784386616,0.050314465408805034,0.06474820143884892,0.08602150537634409,0.07731958762886598,0.08088235294117647,0.06382978723404255,0.08333333333333333,0.0273224043715847,0.1,0.05185185185185185,0.09137055837563451,0.06593406593406594,0.07983193277310924,0.08088235294117647,0.0684931506849315,0.050397877984084884,,,,,,,,,,,,,,,,,,,,,,,,,,,,,,,,,,,,,,,,,,,,,,,,,,,,,,,,,,,,,,,,,,,,,,
31572,0.06153846153846154,0.07272727272727272,0.06785714285714285,0.07058823529411765,0.06,0.09644670050761421,0.12195121951219512,0.08843537414965986,0.06459948320413436,0.09032258064516129,0.09278350515463918,0.09937888198757763,0.11643835616438356,0.0673076923076923,0.07746478873239436,0.0963855421686747,0.08843537414965986,0.06369426751592357,0.09278350515463918,0.08029197080291971,,,,,,,,,,,,,,,,,,,,,,,,,,,,,,,,,,,,,,,,,,,,,,,,,,,,,,,,,,,,,,,,,,,,,
31842,0.07075471698113207,0.06506849315068493,0.0707070707070707,0.06417112299465241,0.0658682634730539,0.12149532710280374,0.10810810810810811,0.10975609756097561,0.06188118811881188,0.10465116279069768,0.08530805687203792,0.11797752808988764,0.09815950920245399,0.09777777777777778,0.07973421926910298,0.10526315789473684,0.0975609756097561,0.07471264367816093,0.08641975308641975,0.1038961038961039,0.13333333333333333,,,,,,,,,,,,,,,,,,,,,,,,,,,,,,,,,,,,,,,,,,,,,,,,,,,,,,,,,,,,,,,,,,,,
33147,0.08287292817679558,0.04597701149425287,0.06766917293233082,0.04487179487179487,0.04411764705882353,0.07650273224043716,0.05759162303664921,0.06015037593984962,0.03753351206434316,0.07092198581560284,0.06111111111111111,0.061224489795918366,0.05303030303030303,0.07731958762886598,0.05555555555555555,0.07659574468085106,0.06766917293233082,0.055944055944055944,0.058823529411764705,0.056910569105691054,0.05970149253731343,0.07947019867549669,,,,,,,,,,,,,,,,,,,,,,,,,,,,,,,,,,,,,,,,,,,,,,,,,,,,,,,,,,,,,,,,,,,
33797,0.07075471698113207,0.0958904109589041,0.09090909090909091,0.0481283422459893,0.05389221556886228,0.08878504672897196,0.06756756756756757,0.0975609756097561,0.06435643564356436,0.09883720930232558,0.06635071090047394,0.15168539325842698,0.07975460122699386,0.09333333333333334,0.09966777408637874,0.07894736842105263,0.0975609756097561,0.05747126436781609,0.09382716049382717,0.07142857142857142,0.10909090909090909,0.0989010989010989,0.11920529801324503,,,,,,,,,,,,,,,,,,,,,,,,,,,,,,,,,,,,,,,,,,,,,,,,,,,,,,,,,,,,,,,,,,
35188,0.05851063829787234,0.06716417910447761,0.054945054945054944,0.049079754601226995,0.04895104895104895,0.07368421052631578,0.06565656565656566,0.09285714285714286,0.05526315789473684,0.08108108108108109,0.053475935828877004,0.1038961038961039,0.09352517985611511,0.05970149253731343,0.08664259927797834,0.09504132231404959,0.07857142857142857,0.08,0.05511811023622047,0.07692307692307693,0.0851063829787234,0.08860759493670886,0.06299212598425197,0.10126582278481013,,,,,,,,,,,,,,,,,,,,,,,,,,,,,,,,,,,,,,,,,,,,,,,,,,,,,,,,,,,,,,,,,
35483,0.057291666666666664,0.04411764705882353,0.036101083032490974,0.059880239520958084,0.034013605442176874,0.1134020618556701,0.10396039603960396,0.06944444444444445,0.052083333333333336,0.09210526315789473,0.06806282722513089,0.08227848101265822,0.04895104895104895,0.06341463414634146,0.08896797153024912,0.08536585365853659,0.0625,0.07142857142857142,0.08571428571428572,0.1044776119402985,0.0896551724137931,0.09876543209876543,0.05343511450381679,0.06790123456790123,0.06521739130434782,,,,,,,,,,,,,,,,,,,,,,,,,,,,,,,,,,,,,,,,,,,,,,,,,,,,,,,,,,,,,,,,
36794,0.08333333333333333,0.06690140845070422,0.08304498269896193,0.0782122905027933,0.0440251572327044,0.0970873786407767,0.06542056074766354,0.08333333333333333,0.05555555555555555,0.10975609756097561,0.059113300492610835,0.10588235294117647,0.10967741935483871,0.06912442396313365,0.07508532423208192,0.09302325581395349,0.09615384615384616,0.07228915662650602,0.07052896725440806,0.08904109589041095,0.09554140127388536,0.08045977011494253,0.06293706293706294,0.10344827586206896,0.09333333333333334,0.07142857142857142,,,,,,,,,,,,,,,,,,,,,,,,,,,,,,,,,,,,,,,,,,,,,,,,,,,,,,,,,,,,,,,
38613,0.08898305084745763,0.0981012658227848,0.09034267912772585,0.07109004739336493,0.05759162303664921,0.08823529411764706,0.09349593495934959,0.0851063829787234,0.08878504672897196,0.08673469387755102,0.07659574468085106,0.12376237623762376,0.11229946524064172,0.09236947791164658,0.08,0.08620689655172414,0.09042553191489362,0.09595959595959595,0.0979020979020979,0.06741573033707865,0.08994708994708994,0.0970873786407767,0.05142857142857143,0.09223300970873786,0.06593406593406594,0.08064516129032258,0.09595959595959595,,,,,,,,,,,,,,,,,,,,,,,,,,,,,,,,,,,,,,,,,,,,,,,,,,,,,,,,,,,,,,
40930,0.07251908396946564,0.0847953216374269,0.07492795389048991,0.046413502109704644,0.06912442396313365,0.06439393939393939,0.1213235294117647,0.07476635514018691,0.08590308370044053,0.09009009009009009,0.06513409961685823,0.12719298245614036,0.08450704225352113,0.09818181818181818,0.09686609686609686,0.10126582278481013,0.11682242990654206,0.08928571428571429,0.0945054945054945,0.08823529411764706,0.07441860465116279,0.09051724137931035,0.05472636815920398,0.07758620689655173,0.057692307692307696,0.08018867924528301,0.08482142857142858,0.11328125,,,,,,,,,,,,,,,,,,,,,,,,,,,,,,,,,,,,,,,,,,,,,,,,,,,,,,,,,,,,,
41314,0.05622489959839357,0.0547112462006079,0.0688622754491018,0.05803571428571429,0.058823529411764705,0.06374501992031872,0.08494208494208494,0.07960199004975124,0.11564625850340136,0.06698564593301436,0.06048387096774194,0.07906976744186046,0.09,0.07633587786259542,0.06804733727810651,0.0891089108910891,0.05472636815920398,0.06635071090047394,0.07692307692307693,0.07329842931937172,0.07920792079207921,0.0684931506849315,0.06914893617021277,0.0867579908675799,0.05641025641025641,0.08040201005025126,0.08056872037914692,0.07818930041152264,0.07806691449814127,,,,,,,,,,,,,,,,,,,,,,,,,,,,,,,,,,,,,,,,,,,,,,,,,,,,,,,,,,,,
42124,0.06435643564356436,0.07446808510638298,0.05226480836236934,0.07344632768361582,0.07006369426751592,0.08823529411764706,0.08490566037735849,0.09740259740259741,0.07614213197969544,0.07407407407407407,0.05970149253731343,0.09523809523809523,0.0718954248366013,0.08837209302325581,0.07560137457044673,0.0703125,0.05844155844155844,0.054878048780487805,0.06835443037974684,0.09027777777777778,0.0967741935483871,0.09883720930232558,0.05673758865248227,0.08139534883720931,0.0945945945945946,0.1513157894736842,0.06097560975609756,0.08673469387755102,0.08108108108108109,0.08133971291866028,,,,,,,,,,,,,,,,,,,,,,,,,,,,,,,,,,,,,,,,,,,,,,,,,,,,,,,,,,,
43461,0.07655502392344497,0.06228373702422145,0.07482993197278912,0.059782608695652176,0.04878048780487805,0.07582938388625593,0.091324200913242,0.08074534161490683,0.0773067331670823,0.09467455621301775,0.04807692307692308,0.10285714285714286,0.075,0.08108108108108109,0.0738255033557047,0.08365019011406843,0.08695652173913043,0.07017543859649122,0.06965174129353234,0.10596026490066225,0.05555555555555555,0.0782122905027933,0.08783783783783784,0.1005586592178771,0.0967741935483871,0.07547169811320754,0.08771929824561403,0.09852216748768473,0.08733624454148471,0.0787037037037037,0.08284023668639054,,,,,,,,,,,,,,,,,,,,,,,,,,,,,,,,,,,,,,,,,,,,,,,,,,,,,,,,,,
45397,0.075,0.08125,0.07384615384615385,0.027906976744186046,0.06153846153846154,0.09090909090909091,0.104,0.0625,0.06712962962962964,0.085,0.058577405857740586,0.07766990291262135,0.05759162303664921,0.13438735177865613,0.0729483282674772,0.08843537414965986,0.07291666666666667,0.10891089108910891,0.057736720554272515,0.07142857142857142,0.07253886010362694,0.06190476190476191,0.07262569832402235,0.06666666666666667,0.06989247311827956,0.06315789473684211,0.08415841584158416,0.08974358974358974,0.08846153846153847,0.05263157894736842,0.055,0.07246376811594203,,,,,,,,,,,,,,,,,,,,,,,,,,,,,,,,,,,,,,,,,,,,,,,,,,,,,,,,,
48290,0.07234042553191489,0.10476190476190476,0.084375,0.06666666666666667,0.08421052631578947,0.12658227848101267,0.10612244897959183,0.09090909090909091,0.11007025761124122,0.09743589743589744,0.08974358974358974,0.12437810945273632,0.0913978494623656,0.10483870967741936,0.10493827160493827,0.10034602076124567,0.06951871657754011,0.08629441624365482,0.09579439252336448,0.0847457627118644,0.0851063829787234,0.13170731707317074,0.07471264367816093,0.0975609756097561,0.08839779005524862,0.08108108108108109,0.08629441624365482,0.11353711790393013,0.09803921568627451,0.08677685950413223,0.11794871794871795,0.09405940594059406,0.0815450643776824,,,,,,,,,,,,,,,,,,,,,,,,,,,,,,,,,,,,,,,,,,,,,,,,,,,,,,,,
49607,0.06030150753768844,0.07168458781362007,0.056338028169014086,0.08045977011494253,0.05844155844155844,0.07462686567164178,0.11004784688995216,0.09933774834437085,0.0639386189258312,0.050314465408805034,0.0707070707070707,0.09696969696969697,0.08,0.0660377358490566,0.06944444444444445,0.09881422924901186,0.07947019867549669,0.10559006211180125,0.07142857142857142,0.0851063829787234,0.10526315789473684,0.08875739644970414,0.057971014492753624,0.09467455621301775,0.0896551724137931,0.06711409395973154,0.07453416149068323,0.08290155440414508,0.0867579908675799,0.06796116504854369,0.06918238993710692,0.10843373493975904,0.06598984771573604,0.09895833333333333,,,,,,,,,,,,,,,,,,,,,,,,,,,,,,,,,,,,,,,,,,,,,,,,,,,,,,,
51010,0.08947368421052632,0.08148148148148149,0.08,0.06060606060606061,0.04827586206896552,0.10416666666666667,0.07,0.08450704225352113,0.041884816753926704,0.13333333333333333,0.09523809523809523,0.14102564102564102,0.06382978723404255,0.06896551724137931,0.07885304659498207,0.0942622950819672,0.11267605633802817,0.05921052631578947,0.06527415143603134,0.09848484848484848,0.11188811188811189,0.125,0.06201550387596899,0.11875,0.11029411764705882,0.07142857142857142,0.125,0.10326086956521739,0.0761904761904762,0.06598984771573604,0.08666666666666667,0.07006369426751592,0.07446808510638298,0.10382513661202186,0.09523809523809523,,,,,,,,,,,,,,,,,,,,,,,,,,,,,,,,,,,,,,,,,,,,,,,,,,,,,,
51155,0.05699481865284974,0.04395604395604396,0.039568345323741004,0.041666666666666664,0.0472972972972973,0.07179487179487179,0.07881773399014778,0.06896551724137931,0.07012987012987013,0.06535947712418301,0.0625,0.10062893081761007,0.0625,0.06796116504854369,0.05319148936170213,0.0728744939271255,0.08275862068965517,0.06451612903225806,0.06217616580310881,0.1037037037037037,0.0958904109589041,0.09202453987730061,0.030303030303030304,0.05521472392638037,0.07194244604316546,0.08391608391608392,0.07096774193548387,0.058823529411764705,0.07981220657276995,0.07,0.0784313725490196,0.05,0.05235602094240838,0.08602150537634409,0.08,0.07801418439716312,,,,,,,,,,,,,,,,,,,,,,,,,,,,,,,,,,,,,,,,,,,,,,,,,,,,,
53123,0.05150214592274678,0.16293929712460065,0.06289308176100629,0.057692307692307696,0.06382978723404255,0.20851063829787234,0.07818930041152264,0.08648648648648649,0.07529411764705882,0.11398963730569948,0.0603448275862069,0.10050251256281408,0.08152173913043478,0.06504065040650407,0.07142857142857142,0.08710801393728224,0.05945945945945946,0.06666666666666667,0.06103286384976526,0.07428571428571429,0.06451612903225806,0.09359605911330049,0.05813953488372093,0.07389162561576355,0.07262569832402235,0.060109289617486336,0.10256410256410256,0.1013215859030837,0.07905138339920949,0.07083333333333333,0.06735751295336788,0.1,0.08658008658008658,0.11504424778761062,0.07368421052631578,0.09944751381215469,0.05434782608695652,,,,,,,,,,,,,,,,,,,,,,,,,,,,,,,,,,,,,,,,,,,,,,,,,,,,
53570,0.08108108108108109,0.06415094339622641,0.07037037037037037,0.05,0.06428571428571428,0.0855614973262032,0.08205128205128205,0.0948905109489051,0.0636604774535809,0.06896551724137931,0.07065217391304347,0.11920529801324503,0.0661764705882353,0.08080808080808081,0.06934306569343066,0.09205020920502092,0.08759124087591241,0.07482993197278912,0.07671957671957672,0.10236220472440945,0.12318840579710146,0.12258064516129032,0.06451612903225806,0.0967741935483871,0.07633587786259542,0.14814814814814814,0.08843537414965986,0.09497206703910614,0.05853658536585366,0.06770833333333333,0.12413793103448276,0.07894736842105263,0.0546448087431694,0.07865168539325842,0.09154929577464789,0.12781954887218044,0.08823529411764706,0.07386363636363637,,,,,,,,,,,,,,,,,,,,,,,,,,,,,,,,,,,,,,,,,,,,,,,,,,,
57041,0.06467661691542288,0.0711743772241993,0.07692307692307693,0.03977272727272727,0.07692307692307693,0.11330049261083744,0.07582938388625593,0.0915032679738562,0.06615776081424936,0.09937888198757763,0.08,0.12574850299401197,0.06578947368421052,0.11682242990654206,0.1,0.10196078431372549,0.10457516339869281,0.049079754601226995,0.07868020304568528,0.055944055944055944,0.08441558441558442,0.10526315789473684,0.06428571428571428,0.10526315789473684,0.061224489795918366,0.07947019867549669,0.09815950920245399,0.08717948717948718,0.08597285067873303,0.07211538461538461,0.09937888198757763,0.08928571428571429,0.09045226130653267,0.09278350515463918,0.06962025316455696,0.09395973154362416,0.07236842105263158,0.08854166666666667,0.09027777777777778,,,,,,,,,,,,,,,,,,,,,,,,,,,,,,,,,,,,,,,,,,,,,,,,,,
57367,0.052132701421800945,0.08247422680412371,0.057432432432432436,0.06451612903225806,0.0783132530120482,0.10328638497652583,0.08597285067873303,0.08588957055214724,0.08684863523573201,0.09941520467836257,0.06666666666666667,0.10734463276836158,0.1111111111111111,0.06696428571428571,0.11,0.08679245283018867,0.049079754601226995,0.06936416184971098,0.0891089108910891,0.0784313725490196,0.07317073170731707,0.12154696132596685,0.06666666666666667,0.06629834254143646,0.07643312101910828,0.09937888198757763,0.09826589595375723,0.09268292682926829,0.08658008658008658,0.0963302752293578,0.0935672514619883,0.08426966292134831,0.04784688995215311,0.18137254901960784,0.06547619047619048,0.06289308176100629,0.07407407407407407,0.0891089108910891,0.07792207792207792,0.058823529411764705,,,,,,,,,,,,,,,,,,,,,,,,,,,,,,,,,,,,,,,,,,,,,,,,,
59562,0.059574468085106386,0.09523809523809523,0.084375,0.07142857142857142,0.05789473684210526,0.10548523206751055,0.0653061224489796,0.0748663101604278,0.07494145199063232,0.10256410256410256,0.10683760683760683,0.08955223880597014,0.07526881720430108,0.08064516129032258,0.1111111111111111,0.09342560553633218,0.06951871657754011,0.06598984771573604,0.10514018691588785,0.04519774011299435,0.07446808510638298,0.08292682926829269,0.08620689655172414,0.09268292682926829,0.055248618784530384,0.08648648648648649,0.09644670050761421,0.07423580786026202,0.08627450980392157,0.06198347107438017,0.07692307692307693,0.08415841584158416,0.06437768240343347,0.10087719298245613,0.08333333333333333,0.09289617486338798,0.07526881720430108,0.09292035398230089,0.07865168539325842,0.10824742268041238,0.10784313725490197,,,,,,,,,,,,,,,,,,,,,,,,,,,,,,,,,,,,,,,,,,,,,,,,
60414,0.07692307692307693,0.0625,0.06825938566552901,0.060109289617486336,0.04294478527607362,0.08095238095238096,0.06422018348623854,0.06875,0.07,0.05952380952380952,0.07729468599033816,0.10344827586206896,0.0440251572327044,0.10407239819004525,0.07744107744107744,0.0916030534351145,0.08125,0.1,0.07231920199501247,0.11333333333333333,0.09937888198757763,0.11797752808988764,0.09523809523809523,0.0898876404494382,0.07792207792207792,0.08227848101265822,0.07647058823529412,0.07920792079207921,0.09210526315789473,0.07441860465116279,0.07142857142857142,0.07428571428571429,0.06796116504854369,0.09950248756218906,0.08484848484848485,0.09615384615384616,0.08176100628930817,0.06532663316582915,0.09933774834437085,0.08383233532934131,0.0847457627118644,0.06467661691542288,,,,,,,,,,,,,,,,,,,,,,,,,,,,,,,,,,,,,,,,,,,,,,,
62793,0.04035874439461883,0.056105610561056105,0.05519480519480519,0.04040404040404041,0.07303370786516854,0.08444444444444445,0.09012875536480687,0.08,0.0963855421686747,0.06557377049180328,0.05855855855855856,0.1111111111111111,0.08045977011494253,0.07203389830508475,0.08974358974358974,0.12274368231046931,0.06857142857142857,0.043243243243243246,0.10817307692307693,0.06666666666666667,0.07954545454545454,0.10362694300518134,0.07407407407407407,0.06217616580310881,0.07692307692307693,0.05202312138728324,0.07027027027027027,0.09216589861751152,0.10699588477366255,0.06521739130434782,0.060109289617486336,0.03684210526315789,0.049773755656108594,0.08333333333333333,0.044444444444444446,0.05263157894736842,0.09195402298850575,0.08411214953271028,0.08433734939759036,0.0989010989010989,0.09375,0.07407407407407407,0.06349206349206349,,,,,,,,,,,,,,,,,,,,,,,,,,,,,,,,,,,,,,,,,,,,,,
63999,0.09666666666666666,0.09210526315789473,0.08311688311688312,0.03272727272727273,0.050980392156862744,0.0728476821192053,0.08064516129032258,0.07142857142857142,0.08333333333333333,0.07692307692307693,0.05351170568561873,0.10150375939849623,0.0398406374501992,0.11182108626198083,0.10282776349614396,0.0903954802259887,0.07142857142857142,0.061068702290076333,0.07910750507099391,0.06611570247933884,0.05138339920948617,0.07777777777777778,0.06694560669456066,0.08148148148148149,0.06504065040650407,0.072,0.07633587786259542,0.09183673469387756,0.103125,0.07166123778501629,0.06538461538461539,0.07865168539325842,0.12751677852348994,0.08873720136518772,0.054474708171206226,0.07661290322580645,0.055776892430278883,0.06529209621993128,0.06584362139917696,0.0888030888030888,0.09665427509293681,0.06825938566552901,0.07518796992481203,0.06405693950177936,,,,,,,,,,,,,,,,,,,,,,,,,,,,,,,,,,,,,,,,,,,,,
65671,0.0625,0.07236842105263158,0.06796116504854369,0.08542713567839195,0.061452513966480445,0.08849557522123894,0.08547008547008547,0.11363636363636363,0.07451923076923077,0.11413043478260869,0.08071748878923767,0.07368421052631578,0.10285714285714286,0.07172995780590717,0.10862619808306709,0.07553956834532374,0.056818181818181816,0.05913978494623656,0.08393285371702638,0.03614457831325301,0.07344632768361582,0.09278350515463918,0.06134969325153374,0.06701030927835051,0.047058823529411764,0.06321839080459771,0.06451612903225806,0.08256880733944955,0.06557377049180328,0.07792207792207792,0.07065217391304347,0.06806282722513089,0.04954954954954955,0.09216589861751152,0.07734806629834254,0.06976744186046512,0.04,0.06976744186046512,0.07784431137724551,0.09289617486338798,0.07772020725388601,0.1152073732718894,0.04736842105263158,0.08780487804878048,0.06028368794326241,,,,,,,,,,,,,,,,,,,,,,,,,,,,,,,,,,,,,,,,,,,,
67854,0.047619047619047616,0.06896551724137931,0.07796610169491526,0.08108108108108109,0.048484848484848485,0.09905660377358491,0.11363636363636363,0.10493827160493827,0.07213930348258707,0.08235294117647059,0.07655502392344497,0.09090909090909091,0.09937888198757763,0.06726457399103139,0.07357859531772576,0.0946969696969697,0.06790123456790123,0.06395348837209303,0.08684863523573201,0.06578947368421052,0.09202453987730061,0.1111111111111111,0.06040268456375839,0.07222222222222222,0.08333333333333333,0.08125,0.0755813953488372,0.10784313725490197,0.09565217391304348,0.08755760368663594,0.09411764705882353,0.0847457627118644,0.0673076923076923,0.10837438423645321,0.09580838323353294,0.08860759493670886,0.06832298136645963,0.08955223880597014,0.0915032679738562,0.07692307692307693,0.11173184357541899,0.09852216748768473,0.07386363636363637,0.08376963350785341,0.05223880597014925,0.09375,,,,,,,,,,,,,,,,,,,,,,,,,,,,,,,,,,,,,,,,,,,
69857,0.07488986784140969,0.08143322475570032,0.10256410256410256,0.04950495049504951,0.054945054945054944,0.12663755458515283,0.0759493670886076,0.0670391061452514,0.05489260143198091,0.08021390374331551,0.06637168141592921,0.11917098445595854,0.11235955056179775,0.0875,0.0949367088607595,0.08540925266903915,0.1005586592178771,0.09523809523809523,0.08095238095238096,0.07692307692307693,0.1111111111111111,0.10152284263959391,0.09036144578313253,0.1116751269035533,0.09248554913294797,0.07909604519774012,0.12169312169312169,0.1085972850678733,0.09716599190283401,0.06837606837606838,0.058823529411764705,0.05670103092783505,0.10666666666666667,0.1,0.08152173913043478,0.09714285714285714,0.06741573033707865,0.09174311926605505,0.08235294117647059,0.0967741935483871,0.09183673469387756,0.09545454545454546,0.10362694300518134,0.08173076923076923,0.07719298245614035,0.06220095693779904,0.06153846153846154,,,,,,,,,,,,,,,,,,,,,,,,,,,,,,,,,,,,,,,,,,
70761,0.08095238095238096,0.05862068965517241,0.08135593220338982,0.043243243243243246,0.048484848484848485,0.08490566037735849,0.05909090909090909,0.08024691358024691,0.05721393034825871,0.09411764705882353,0.08133971291866028,0.10795454545454546,0.043478260869565216,0.08968609865470852,0.06354515050167224,0.07196969696969698,0.08641975308641975,0.06395348837209303,0.07444168734491315,0.08552631578947369,0.0736196319018405,0.1,0.08053691275167785,0.12777777777777777,0.07051282051282051,0.08125,0.09302325581395349,0.08333333333333333,0.06086956521739131,0.059907834101382486,0.10588235294117647,0.06779661016949153,0.09134615384615384,0.11822660098522167,0.059880239520958084,0.13924050632911392,0.06832298136645963,0.07462686567164178,0.11764705882352941,0.05917159763313609,0.061452513966480445,0.059113300492610835,0.125,0.06806282722513089,0.0708955223880597,0.07291666666666667,0.06179775280898876,0.10256410256410256,,,,,,,,,,,,,,,,,,,,,,,,,,,,,,,,,,,,,,,,,
72344,0.04922279792746114,0.08333333333333333,0.07001166861143523,0.05488621151271754,0.039889958734525444,0.06201550387596899,0.0959079283887468,0.058011049723756904,0.09854771784232365,0.05327868852459016,0.054474708171206226,0.051490514905149054,0.04426002766251729,0.06496815286624204,0.09639953542392567,0.09079903147699758,0.04281767955801105,0.04223433242506812,0.10466321243523316,0.04201680672268908,0.05517241379310345,0.06064690026954178,0.02812939521800281,0.05256064690026954,0.04456824512534819,0.04293628808864266,0.055858310626702996,0.08093994778067885,0.07954545454545454,0.07188703465982028,0.0546448087431694,0.05953991880920163,0.05844155844155844,0.07712418300653595,0.06721536351165981,0.05,0.04426002766251729,0.061598951507208385,0.043356643356643354,0.05198358413132695,0.05668016194331984,0.06797385620915032,0.03929539295392954,0.06374501992031872,0.06987951807228916,0.0610079575596817,0.07162162162162163,0.05548216644649934,0.0472972972972973,,,,,,,,,,,,,,,,,,,,,,,,,,,,,,,,,,,,,,,,
74428,0.08833922261484099,0.10743801652892562,0.10597826086956522,0.046511627906976744,0.06302521008403361,0.10175438596491228,0.11945392491467577,0.0851063829787234,0.10526315789473684,0.08641975308641975,0.07092198581560284,0.11244979919678715,0.10256410256410256,0.12837837837837837,0.10752688172043011,0.10682492581602374,0.09787234042553192,0.11020408163265306,0.10714285714285714,0.07111111111111111,0.0847457627118644,0.09486166007905138,0.06306306306306306,0.09881422924901186,0.06986899563318777,0.08583690987124463,0.10612244897959183,0.11191335740072202,0.11221122112211221,0.06896551724137931,0.09053497942386832,0.1,0.12811387900355872,0.10869565217391304,0.09166666666666666,0.09956709956709957,0.05982905982905983,0.10948905109489052,0.10619469026548672,0.09090909090909091,0.09523809523809523,0.09782608695652174,0.0963855421686747,0.08712121212121213,0.10263929618768329,0.07547169811320754,0.0796812749003984,0.10820895522388059,0.08366533864541832,0.0897908979089791,,,,,,,,,,,,,,,,,,,,,,,,,,,,,,,,,,,,,,,
74944,0.05730337078651685,0.06907216494845361,0.06051282051282051,0.035838150289017344,0.0378698224852071,0.06053811659192825,0.07555555555555556,0.04513064133016627,0.09519408502772643,0.04470588235294118,0.049493813273340834,0.054906542056074766,0.041617122473246136,0.0664451827242525,0.0755873340143003,0.07733050847457627,0.040380047505938245,0.045774647887323945,0.0997229916897507,0.042067307692307696,0.04863582443653618,0.056976744186046514,0.033775633293124246,0.05232558139534884,0.039473684210526314,0.047619047619047616,0.046948356807511735,0.05203619909502263,0.07362637362637363,0.059085841694537344,0.047058823529411764,0.051341890315052506,0.05855855855855856,0.0622876557191393,0.047225501770956316,0.041766109785202864,0.04994054696789536,0.04426787741203178,0.04801920768307323,0.048292108362779744,0.04423748544819558,0.04869762174405436,0.04672897196261682,0.05510907003444317,0.07911392405063292,0.045871559633027525,0.047785547785547784,0.04914285714285714,0.05944055944055944,0.12323943661971831,0.07518796992481203,,,,,,,,,,,,,,,,,,,,,,,,,,,,,,,,,,,,,,
76193,0.07692307692307693,0.06312292358803986,0.058823529411764705,0.07142857142857142,0.045454545454545456,0.07623318385650224,0.08658008658008658,0.08670520231213873,0.06295399515738499,0.09944751381215469,0.07272727272727272,0.06417112299465241,0.09883720930232558,0.0641025641025641,0.08064516129032258,0.06909090909090909,0.06358381502890173,0.060109289617486336,0.06280193236714976,0.06748466257668712,0.08620689655172414,0.07853403141361257,0.0375,0.06282722513089005,0.0718562874251497,0.06432748538011696,0.10382513661202186,0.09302325581395349,0.07883817427385892,0.05263157894736842,0.08287292817679558,0.0851063829787234,0.0639269406392694,0.0794392523364486,0.06741573033707865,0.08875739644970414,0.05813953488372093,0.0660377358490566,0.054878048780487805,0.07777777777777778,0.06842105263157895,0.09813084112149532,0.0427807486631016,0.06435643564356436,0.06451612903225806,0.08866995073891626,0.07936507936507936,0.06310679611650485,0.0582010582010582,0.06524633821571238,0.08015267175572519,0.04602991944764097,,,,,,,,,,,,,,,,,,,,,,,,,,,,,,,,,,,,,
79021,0.1471861471861472,0.07717041800643087,0.10443037974683544,0.07281553398058252,0.04838709677419355,0.10300429184549356,0.1037344398340249,0.1092896174863388,0.08037825059101655,0.09424083769633508,0.08695652173913043,0.1218274111675127,0.08791208791208792,0.13934426229508196,0.0875,0.09824561403508772,0.1092896174863388,0.11398963730569948,0.09905660377358491,0.08670520231213873,0.10326086956521739,0.0845771144278607,0.07647058823529412,0.0945273631840796,0.06779661016949153,0.08287292817679558,0.10880829015544041,0.13333333333333333,0.10756972111553785,0.08403361344537816,0.08376963350785341,0.10606060606060606,0.13100436681222707,0.10267857142857142,0.09574468085106383,0.11731843575418995,0.06593406593406594,0.08108108108108109,0.10344827586206896,0.08947368421052632,0.075,0.10714285714285714,0.09644670050761421,0.0660377358490566,0.11072664359861592,0.09859154929577464,0.08542713567839195,0.09722222222222222,0.10050251256281408,0.07095926412614981,0.15808823529411764,0.06370875995449374,0.06666666666666667,,,,,,,,,,,,,,,,,,,,,,,,,,,,,,,,,,,,
80509,0.09016393442622951,0.08333333333333333,0.07598784194528875,0.0502283105022831,0.05527638190954774,0.1016260162601626,0.1062992125984252,0.08673469387755102,0.06651376146788991,0.09313725490196079,0.0823045267489712,0.11904761904761904,0.06666666666666667,0.0933852140077821,0.08408408408408409,0.07046979865771812,0.08163265306122448,0.09223300970873786,0.09382151029748284,0.06451612903225806,0.1218274111675127,0.09813084112149532,0.06557377049180328,0.102803738317757,0.09473684210526316,0.08247422680412371,0.07766990291262135,0.10084033613445378,0.11742424242424243,0.099601593625498,0.08333333333333333,0.07109004739336493,0.09504132231404959,0.11814345991561181,0.07462686567164178,0.125,0.10256410256410256,0.08936170212765958,0.09090909090909091,0.08374384236453201,0.0892018779342723,0.05907172995780591,0.09047619047619047,0.08444444444444445,0.08609271523178808,0.061946902654867256,0.08490566037735849,0.10043668122270742,0.10849056603773585,0.06459948320413436,0.08070175438596491,0.07174887892376682,0.06278026905829596,0.10300429184549356,,,,,,,,,,,,,,,,,,,,,,,,,,,,,,,,,,,
82660,0.0711743772241993,0.10526315789473684,0.06830601092896176,0.0546875,0.07627118644067797,0.10247349823321555,0.12027491408934708,0.10300429184549356,0.10782241014799154,0.1037344398340249,0.060714285714285714,0.1417004048582996,0.10775862068965517,0.10204081632653061,0.12162162162162163,0.12238805970149254,0.09012875536480687,0.08641975308641975,0.0949367088607595,0.07623318385650224,0.1111111111111111,0.11155378486055777,0.05454545454545454,0.099601593625498,0.09691629955947137,0.08225108225108226,0.102880658436214,0.12363636363636364,0.11960132890365449,0.0763888888888889,0.0912863070539419,0.10483870967741936,0.1003584229390681,0.13503649635036497,0.09243697478991597,0.10480349344978165,0.07327586206896551,0.09926470588235294,0.09375,0.0875,0.132,0.0948905109489051,0.0931174089068826,0.12595419847328243,0.10619469026548672,0.08745247148288973,0.10843373493975904,0.09022556390977443,0.09236947791164658,0.09494451294697903,0.14906832298136646,0.07857911733046287,0.09615384615384616,0.1111111111111111,0.11307420494699646,,,,,,,,,,,,,,,,,,,,,,,,,,,,,,,,,,
83853,0.031746031746031744,0.06319702602230483,0.05474452554744526,0.054878048780487805,0.05555555555555555,0.07853403141361257,0.08542713567839195,0.12056737588652482,0.05249343832020997,0.087248322147651,0.06382978723404255,0.07741935483870968,0.10714285714285714,0.06435643564356436,0.08633093525179857,0.06995884773662552,0.04964539007092199,0.052980132450331126,0.06544502617801047,0.08396946564885496,0.08450704225352113,0.07547169811320754,0.046875,0.05660377358490566,0.06666666666666667,0.07194244604316546,0.08609271523178808,0.10382513661202186,0.06220095693779904,0.05612244897959184,0.0738255033557047,0.057692307692307696,0.06951871657754011,0.1043956043956044,0.07534246575342465,0.072992700729927,0.06428571428571428,0.05555555555555555,0.045454545454545456,0.0945945945945946,0.08860759493670886,0.10989010989010989,0.07096774193548387,0.08823529411764706,0.048582995951417005,0.0935672514619883,0.08917197452229299,0.10344827586206896,0.07006369426751592,0.054242002781641166,0.0782608695652174,0.03345280764635603,0.07738095238095238,0.09550561797752809,0.041884816753926704,0.10087719298245613,,,,,,,,,,,,,,,,,,,,,,,,,,,,,,,,,
84953,0.08681672025723473,0.09718670076726342,0.09343434343434344,0.06643356643356643,0.05639097744360902,0.10223642172523961,0.08722741433021806,0.07224334600760456,0.0775347912524851,0.14022140221402213,0.08064516129032258,0.10469314079422383,0.07633587786259542,0.09876543209876543,0.1025,0.11506849315068493,0.07224334600760456,0.07692307692307693,0.10515873015873016,0.06324110671936758,0.07954545454545454,0.09608540925266904,0.048,0.08896797153024912,0.07392996108949416,0.05747126436781609,0.08791208791208792,0.10819672131147541,0.10574018126888217,0.0660377358490566,0.07380073800738007,0.07913669064748201,0.09061488673139159,0.09539473684210527,0.06716417910447761,0.10038610038610038,0.05725190839694656,0.08609271523178808,0.07086614173228346,0.08148148148148149,0.08928571428571429,0.07236842105263158,0.06859205776173286,0.07191780821917808,0.08943089430894309,0.07849829351535836,0.08243727598566308,0.09121621621621621,0.1039426523297491,0.09869203329369798,0.11931818181818182,0.07924921793534932,0.07931034482758621,0.10666666666666667,0.11182108626198083,0.11142857142857143,0.07751937984496124,,,,,,,,,,,,,,,,,,,,,,,,,,,,,,,,
86542,0.10606060606060606,0.07913669064748201,0.07773851590106007,0.028901734104046242,0.032679738562091505,0.08,0.0673076923076923,0.06666666666666667,0.06153846153846154,0.0949367088607595,0.07614213197969544,0.13414634146341464,0.0738255033557047,0.12322274881516587,0.08362369337979095,0.09523809523809523,0.12,0.10625,0.0741687979539642,0.07142857142857142,0.09933774834437085,0.09523809523809523,0.058394160583941604,0.11904761904761904,0.09027777777777778,0.060810810810810814,0.08125,0.08854166666666667,0.10091743119266056,0.06341463414634146,0.06329113924050633,0.08484848484848485,0.10204081632653061,0.1099476439790576,0.07741935483870968,0.1232876712328767,0.0738255033557047,0.0582010582010582,0.09929078014184398,0.07643312101910828,0.0658682634730539,0.07853403141361257,0.12195121951219512,0.055865921787709494,0.1015625,0.05,0.04819277108433735,0.1092896174863388,0.12048192771084337,0.04945054945054945,0.11297071129707113,0.054373522458628844,0.05084745762711865,0.13368983957219252,0.09,0.10548523206751055,0.08275862068965517,0.10112359550561797,,,,,,,,,,,,,,,,,,,,,,,,,,,,,,,
87890,0.08333333333333333,0.07394366197183098,0.06920415224913495,0.0670391061452514,0.0440251572327044,0.0825242718446602,0.0794392523364486,0.12179487179487179,0.07323232323232323,0.09146341463414634,0.07881773399014778,0.1,0.06451612903225806,0.08755760368663594,0.07849829351535836,0.08527131782945736,0.09615384615384616,0.0963855421686747,0.08564231738035265,0.0821917808219178,0.09554140127388536,0.09770114942528736,0.1048951048951049,0.10919540229885058,0.05333333333333334,0.06493506493506493,0.09036144578313253,0.09090909090909091,0.07589285714285714,0.061611374407582936,0.07317073170731707,0.1111111111111111,0.07425742574257425,0.08121827411167512,0.11180124223602485,0.1118421052631579,0.07096774193548387,0.07692307692307693,0.09523809523809523,0.11042944785276074,0.08092485549132948,0.116751269035533,0.08235294117647059,0.07567567567567568,0.06870229007633588,0.0967741935483871,0.06976744186046512,0.08994708994708994,0.06976744186046512,0.04904632152588556,0.08979591836734693,0.0528169014084507,0.10382513661202186,0.12435233160621761,0.10679611650485436,0.09465020576131687,0.09271523178807947,0.08791208791208792,0.09375,,,,,,,,,,,,,,,,,,,,,,,,,,,,,,
88964,0.07168458781362007,0.10584958217270195,0.07142857142857142,0.05511811023622047,0.07264957264957266,0.099644128113879,0.12110726643598616,0.09956709956709957,0.10828025477707007,0.100418410041841,0.06115107913669065,0.13877551020408163,0.11304347826086956,0.0958904109589041,0.11684782608695653,0.12312312312312312,0.09090909090909091,0.07883817427385892,0.09745762711864407,0.07692307692307693,0.10344827586206896,0.10843373493975904,0.05504587155963303,0.09236947791164658,0.10666666666666667,0.07860262008733625,0.1037344398340249,0.12454212454212454,0.12040133779264214,0.07342657342657342,0.08786610878661087,0.1016260162601626,0.10108303249097472,0.13602941176470587,0.08898305084745763,0.1013215859030837,0.06956521739130435,0.1,0.0945945945945946,0.08823529411764706,0.12903225806451613,0.09926470588235294,0.09795918367346938,0.13076923076923078,0.10682492581602374,0.0842911877394636,0.10931174089068826,0.09090909090909091,0.08502024291497975,0.09517923362175525,0.146875,0.07874865156418555,0.08914728682170543,0.11194029850746269,0.10676156583629894,0.4716981132075472,0.10176991150442478,0.11494252873563218,0.10212765957446808,0.0912863070539419,,,,,,,,,,,,,,,,,,,,,,,,,,,,,
91689,0.02702702702702703,0.06037735849056604,0.05185185185185185,0.0625,0.05714285714285714,0.06951871657754011,0.07179487179487179,0.08759124087591241,0.0610079575596817,0.07586206896551724,0.08152173913043478,0.08609271523178808,0.0661764705882353,0.06060606060606061,0.07664233576642336,0.07112970711297072,0.051094890510948905,0.034013605442176874,0.06613756613756613,0.047244094488188976,0.050724637681159424,0.07741935483870968,0.04838709677419355,0.09032258064516129,0.03816793893129771,0.07407407407407407,0.06802721088435375,0.055865921787709494,0.05853658536585366,0.041666666666666664,0.06206896551724138,0.07894736842105263,0.060109289617486336,0.06179775280898876,0.08450704225352113,0.07518796992481203,0.04411764705882353,0.07386363636363637,0.078125,0.10416666666666667,0.05194805194805195,0.07865168539325842,0.059602649006622516,0.06626506024096386,0.053497942386831275,0.08383233532934131,0.0784313725490196,0.06470588235294118,0.06535947712418301,0.043356643356643354,0.09734513274336283,0.03601440576230492,0.08536585365853659,0.05747126436781609,0.0481283422459893,0.07142857142857142,0.09090909090909091,0.05905511811023622,0.04964539007092199,0.06802721088435375,0.06756756756756757,,,,,,,,,,,,,,,,,,,,,,,,,,,,
92387,0.03825136612021858,0.045627376425855515,0.03731343283582089,0.056962025316455694,0.050724637681159424,0.06486486486486487,0.07772020725388601,0.07407407407407407,0.05333333333333334,0.04195804195804196,0.054945054945054944,0.04697986577181208,0.04477611940298507,0.05612244897959184,0.03676470588235294,0.046413502109704644,0.044444444444444446,0.013793103448275862,0.06648936170212766,0.04,0.058823529411764705,0.06535947712418301,0.03278688524590164,0.0718954248366013,0.023255813953488372,0.05263157894736842,0.04827586206896552,0.04519774011299435,0.029556650246305417,0.06315789473684211,0.04895104895104895,0.04666666666666667,0.06077348066298342,0.056818181818181816,0.05714285714285714,0.05343511450381679,0.05223880597014925,0.05172413793103448,0.09523809523809523,0.06338028169014084,0.046052631578947366,0.0625,0.04697986577181208,0.06097560975609756,0.058091286307053944,0.10303030303030303,0.046357615894039736,0.05357142857142857,0.046357615894039736,0.030855539971949508,0.07589285714285714,0.036101083032490974,0.06172839506172839,0.06395348837209303,0.03783783783783784,0.03153153153153153,0.06923076923076923,0.04365079365079365,0.03597122302158273,0.05517241379310345,0.03636363636363636,0.09523809523809523,,,,,,,,,,,,,,,,,,,,,,,,,,,
95009,0.06282722513089005,0.06273062730627306,0.07246376811594203,0.04819277108433735,0.0547945205479452,0.08290155440414508,0.0845771144278607,0.08391608391608392,0.04960835509138381,0.09271523178807947,0.04736842105263158,0.11464968152866242,0.07746478873239436,0.07352941176470588,0.07857142857142857,0.08163265306122448,0.16783216783216784,0.09803921568627451,0.06510416666666667,0.09022556390977443,0.10416666666666667,0.11180124223602485,0.09230769230769231,0.11180124223602485,0.06569343065693431,0.05673758865248227,0.09803921568627451,0.10810810810810811,0.07582938388625593,0.0707070707070707,0.0728476821192053,0.10759493670886076,0.07936507936507936,0.08152173913043478,0.0945945945945946,0.1223021582733813,0.04929577464788732,0.07692307692307693,0.11194029850746269,0.11333333333333333,0.0625,0.09239130434782608,0.10828025477707007,0.06395348837209303,0.0642570281124498,0.08092485549132948,0.0880503144654088,0.09659090909090909,0.11320754716981132,0.04160887656033287,0.09051724137931035,0.03814064362336114,0.07058823529411765,0.12222222222222222,0.08808290155440414,0.08260869565217391,0.050724637681159424,0.07692307692307693,0.09523809523809523,0.08496732026143791,0.07894736842105263,0.08208955223880597,0.05303030303030303,,,,,,,,,,,,,,,,,,,,,,,,,,
95877,0.06631299734748011,0.09190371991247265,0.07792207792207792,0.06818181818181818,0.045180722891566265,0.0633245382585752,0.09560723514211886,0.057750759878419454,0.43409490333919154,0.05637982195845697,0.07180851063829788,0.08746355685131195,0.07926829268292683,0.07179487179487179,0.09656652360515021,0.09976798143851508,0.0486322188449848,0.07079646017699115,0.11228070175438597,0.06269592476489028,0.06666666666666667,0.06628242074927954,0.04430379746835443,0.07492795389048991,0.05572755417956656,0.05504587155963303,0.061946902654867256,0.10242587601078167,0.08060453400503778,0.125,0.07418397626112759,0.08139534883720931,0.07466666666666667,0.10810810810810811,0.0688622754491018,0.04923076923076923,0.06707317073170732,0.08152173913043478,0.06875,0.0744047619047619,0.0838150289017341,0.07567567567567568,0.07871720116618076,0.0893854748603352,0.09195402298850575,0.0807799442896936,0.07246376811594203,0.058011049723756904,0.06376811594202898,0.0970231532524807,0.11004784688995216,0.08487804878048781,0.06741573033707865,0.08469945355191257,0.05804749340369393,0.10336538461538461,0.05864197530864197,0.08071748878923767,0.06006006006006006,0.07374631268436578,0.10628019323671498,0.06875,0.06289308176100629,0.05828220858895705,,,,,,,,,,,,,,,,,,,,,,,,,
97533,0.07692307692307693,0.05343511450381679,0.0599250936329588,0.03821656050955414,0.08029197080291971,0.06521739130434782,0.10416666666666667,0.09701492537313433,0.058823529411764705,0.09154929577464789,0.049723756906077346,0.12162162162162163,0.09774436090225563,0.07179487179487179,0.06273062730627306,0.0847457627118644,0.11194029850746269,0.09722222222222222,0.06666666666666667,0.07258064516129033,0.0962962962962963,0.11842105263157894,0.09917355371900827,0.11842105263157894,0.0625,0.06818181818181818,0.09722222222222222,0.09090909090909091,0.10891089108910891,0.07407407407407407,0.07746478873239436,0.10738255033557047,0.1,0.09714285714285714,0.09352517985611511,0.11538461538461539,0.08270676691729323,0.07514450867052024,0.104,0.0851063829787234,0.08609271523178808,0.07428571428571429,0.08783783783783784,0.06748466257668712,0.0875,0.08536585365853659,0.08,0.08982035928143713,0.09333333333333334,0.046348314606741575,0.1210762331838565,0.03975903614457831,0.055900621118012424,0.08771929824561403,0.10869565217391304,0.12669683257918551,0.06201550387596899,0.08764940239043825,0.11594202898550725,0.09722222222222222,0.1278538812785388,0.056,0.056910569105691054,0.11450381679389313,0.06624605678233439,,,,,,,,,,,,,,,,,,,,,,,,
98454,0.07,0.06785714285714285,0.06666666666666667,0.06857142857142857,0.03870967741935484,0.0891089108910891,0.0761904761904762,0.09868421052631579,0.058673469387755105,0.1,0.12562814070351758,0.0783132530120482,0.08609271523178808,0.07511737089201878,0.08304498269896193,0.09448818897637795,0.09210526315789473,0.043209876543209874,0.08142493638676845,0.07042253521126761,0.10457516339869281,0.11764705882352941,0.07913669064748201,0.09411764705882353,0.07534246575342465,0.07333333333333333,0.08024691358024691,0.07216494845360824,0.06363636363636363,0.043478260869565216,0.075,0.0718562874251497,0.06565656565656566,0.10362694300518134,0.08917197452229299,0.10810810810810811,0.0728476821192053,0.06806282722513089,0.08391608391608392,0.08176100628930817,0.07100591715976332,0.09844559585492228,0.0963855421686747,0.06629834254143646,0.06201550387596899,0.08791208791208792,0.08333333333333333,0.08108108108108109,0.08333333333333333,0.036986301369863014,0.07468879668049792,0.04245283018867924,0.09497206703910614,0.08465608465608465,0.06435643564356436,0.07531380753138076,0.08843537414965986,0.06691449814126393,0.08333333333333333,0.09876543209876543,0.07172995780590717,0.11188811188811189,0.06382978723404255,0.06711409395973154,0.0626865671641791,0.05714285714285714,,,,,,,,,,,,,,,,,,,,,,,
101186,0.07171314741035857,0.09063444108761329,0.08928571428571429,0.05309734513274336,0.043689320388349516,0.08695652173913043,0.10727969348659004,0.09359605911330049,0.0835214446952596,0.10426540284360189,0.072,0.11059907834101383,0.12376237623762376,0.07196969696969698,0.08823529411764706,0.09180327868852459,0.06896551724137931,0.08450704225352113,0.0945945945945946,0.07253886010362694,0.0784313725490196,0.07692307692307693,0.06315789473684211,0.09049773755656108,0.06091370558375635,0.06965174129353234,0.10328638497652583,0.10612244897959183,0.0996309963099631,0.08139534883720931,0.09004739336492891,0.10091743119266056,0.09236947791164658,0.0860655737704918,0.11538461538461539,0.07035175879396985,0.06435643564356436,0.0743801652892562,0.08247422680412371,0.08571428571428572,0.10454545454545454,0.11475409836065574,0.07373271889400922,0.07327586206896551,0.0744336569579288,0.09871244635193133,0.1187214611872146,0.059322033898305086,0.0593607305936073,0.07682458386683738,0.11986301369863013,0.06229143492769744,0.09565217391304348,0.1125,0.07905138339920949,0.1310344827586207,0.11616161616161616,0.125,0.07246376811594203,0.11267605633802817,0.1284722222222222,0.0979381443298969,0.0625,0.085,0.09067357512953368,0.08900523560209424,0.10047846889952153,,,,,,,,,,,,,,,,,,,,,,
103244,0.09405940594059406,0.07446808510638298,0.08013937282229965,0.06779661016949153,0.06369426751592357,0.07352941176470588,0.07075471698113207,0.05194805194805195,0.0583756345177665,0.08641975308641975,0.07462686567164178,0.09523809523809523,0.06535947712418301,0.07906976744186046,0.08934707903780069,0.07421875,0.08441558441558442,0.06707317073170732,0.07341772151898734,0.0763888888888889,0.09032258064516129,0.0872093023255814,0.09929078014184398,0.09302325581395349,0.06756756756756757,0.07894736842105263,0.0975609756097561,0.10204081632653061,0.0945945945945946,0.08133971291866028,0.06172839506172839,0.11834319526627218,0.08,0.07692307692307693,0.06918238993710692,0.1,0.032679738562091505,0.08808290155440414,0.0896551724137931,0.14906832298136646,0.07602339181286549,0.08205128205128205,0.08928571428571429,0.04918032786885246,0.07307692307692308,0.07608695652173914,0.052941176470588235,0.08021390374331551,0.07058823529411765,0.04781420765027322,0.09465020576131687,0.041176470588235294,0.055248618784530384,0.12041884816753927,0.07352941176470588,0.07468879668049792,0.053691275167785234,0.09225092250922509,0.08860759493670886,0.08536585365853659,0.07531380753138076,0.05517241379310345,0.03496503496503497,0.16556291390728478,0.06528189910979229,0.08450704225352113,0.0625,0.07582938388625593,,,,,,,,,,,,,,,,,,,,,
103761,0.06204379562043796,0.10451977401129943,0.08913649025069638,0.060240963855421686,0.048034934497816595,0.10507246376811594,0.12323943661971831,0.10176991150442478,0.09656652360515021,0.07692307692307693,0.07326007326007326,0.1,0.12444444444444444,0.09059233449477352,0.10192837465564739,0.07926829268292683,0.07079646017699115,0.05508474576271186,0.09635974304068523,0.07407407407407407,0.08370044052863436,0.09836065573770492,0.07042253521126761,0.0778688524590164,0.06818181818181818,0.08928571428571429,0.0847457627118644,0.1044776119402985,0.10884353741496598,0.08896797153024912,0.09401709401709402,0.0995850622406639,0.07720588235294118,0.12359550561797752,0.08225108225108226,0.06306306306306306,0.09333333333333334,0.08679245283018867,0.08755760368663594,0.10300429184549356,0.1111111111111111,0.09363295880149813,0.07916666666666666,0.09019607843137255,0.11746987951807229,0.08984375,0.09090909090909091,0.08494208494208494,0.07851239669421488,0.07835820895522388,0.13015873015873017,0.07809110629067245,0.10276679841897234,0.09125475285171103,0.09057971014492754,0.11182108626198083,0.1085972850678733,0.11661807580174927,0.0782608695652174,0.09745762711864407,0.10932475884244373,0.08294930875576037,0.05581395348837209,0.07623318385650224,0.10024449877750612,0.07476635514018691,0.07758620689655173,0.1166077738515901,0.07692307692307693,,,,,,,,,,,,,,,,,,,,
105743,0.0625,0.07291666666666667,0.04436860068259386,0.07650273224043716,0.03680981595092025,0.08095238095238096,0.08256880733944955,0.075,0.075,0.09523809523809523,0.06280193236714976,0.09195402298850575,0.07547169811320754,0.06787330316742081,0.0707070707070707,0.0916030534351145,0.06875,0.06470588235294118,0.06234413965087282,0.08,0.10559006211180125,0.09550561797752809,0.06802721088435375,0.06179775280898876,0.07142857142857142,0.08860759493670886,0.08823529411764706,0.06435643564356436,0.06578947368421052,0.09767441860465116,0.07142857142857142,0.06857142857142857,0.05339805825242718,0.0945273631840796,0.07272727272727272,0.07692307692307693,0.05660377358490566,0.08040201005025126,0.09933774834437085,0.05389221556886228,0.1016949152542373,0.06467661691542288,0.07471264367816093,0.06349206349206349,0.05263157894736842,0.05263157894736842,0.10227272727272728,0.06735751295336788,0.09090909090909091,0.06097560975609756,0.07228915662650602,0.04439252336448598,0.10160427807486631,0.07106598984771574,0.08571428571428572,0.08906882591093117,0.06451612903225806,0.07581227436823104,0.06707317073170732,0.09411764705882353,0.08163265306122448,0.0728476821192053,0.06040268456375839,0.050955414012738856,0.08454810495626822,0.05405405405405406,0.0783132530120482,0.06912442396313365,0.07142857142857142,0.0875,,,,,,,,,,,,,,,,,,,
107617,0.08130081300813008,0.06748466257668712,0.07854984894259819,0.027149321266968326,0.06965174129353234,0.06854838709677419,0.08984375,0.050505050505050504,0.0593607305936073,0.08737864077669903,0.0653061224489796,0.12735849056603774,0.06598984771573604,0.0888030888030888,0.08358208955223881,0.09,0.10101010101010101,0.07692307692307693,0.07972665148063782,0.07446808510638298,0.09547738693467336,0.10185185185185185,0.06486486486486487,0.11574074074074074,0.057291666666666664,0.07142857142857142,0.07211538461538461,0.0875,0.10150375939849623,0.08300395256916997,0.05339805825242718,0.08450704225352113,0.10245901639344263,0.08786610878661087,0.07389162561576355,0.09278350515463918,0.06598984771573604,0.06329113924050633,0.09523809523809523,0.08292682926829269,0.05581395348837209,0.058577405857740586,0.08962264150943396,0.05726872246696035,0.08552631578947369,0.05701754385964912,0.06074766355140187,0.1038961038961039,0.09345794392523364,0.059278350515463915,0.10452961672473868,0.05704697986577181,0.044444444444444446,0.08936170212765958,0.08870967741935484,0.09473684210526316,0.05181347150259067,0.10158730158730159,0.14356435643564355,0.08653846153846154,0.09540636042402827,0.05291005291005291,0.0427807486631016,0.09743589743589744,0.06036745406824147,0.12365591397849462,0.07352941176470588,0.06274509803921569,0.10194174757281553,0.07553956834532374,0.05660377358490566,,,,,,,,,,,,,,,,,,
109203,0.07766990291262135,0.07342657342657342,0.08247422680412371,0.049723756906077346,0.049689440993788817,0.10576923076923077,0.06481481481481481,0.0759493670886076,0.05025125628140704,0.15060240963855423,0.07804878048780488,0.08139534883720931,0.08280254777070063,0.091324200913242,0.06440677966101695,0.08461538461538462,0.06962025316455696,0.05952380952380952,0.05263157894736842,0.060810810810810814,0.10062893081761007,0.09090909090909091,0.04827586206896552,0.09090909090909091,0.07894736842105263,0.057692307692307696,0.10119047619047619,0.085,0.061946902654867256,0.06572769953051644,0.0783132530120482,0.06358381502890173,0.09803921568627451,0.10552763819095477,0.05521472392638037,0.11688311688311688,0.07643312101910828,0.09137055837563451,0.06040268456375839,0.09090909090909091,0.06285714285714286,0.10050251256281408,0.06976744186046512,0.053475935828877004,0.06818181818181818,0.09574468085106383,0.08045977011494253,0.07329842931937172,0.08620689655172414,0.05570652173913043,0.09716599190283401,0.0468384074941452,0.0918918918918919,0.1076923076923077,0.07692307692307693,0.09387755102040816,0.08496732026143791,0.11636363636363636,0.09876543209876543,0.10714285714285714,0.09053497942386832,0.06040268456375839,0.05442176870748299,0.06451612903225806,0.05865102639296188,0.08904109589041095,0.0975609756097561,0.07906976744186046,0.060240963855421686,0.06302521008403361,0.08139534883720931,0.06190476190476191,,,,,,,,,,,,,,,,,
111234,0.05339805825242718,0.06293706293706294,0.061855670103092786,0.03867403314917127,0.055900621118012424,0.07211538461538461,0.09259259259259259,0.056962025316455694,0.06532663316582915,0.05421686746987952,0.04390243902439024,0.08139534883720931,0.050955414012738856,0.0730593607305936,0.06440677966101695,0.05,0.06962025316455696,0.047619047619047616,0.07268170426065163,0.08108108108108109,0.11320754716981132,0.13636363636363635,0.041379310344827586,0.09090909090909091,0.039473684210526314,0.08974358974358974,0.05357142857142857,0.07,0.10619469026548672,0.06572769953051644,0.0783132530120482,0.05202312138728324,0.07352941176470588,0.09547738693467336,0.049079754601226995,0.09090909090909091,0.11464968152866242,0.06091370558375635,0.087248322147651,0.07272727272727272,0.06285714285714286,0.05025125628140704,0.10465116279069768,0.08021390374331551,0.08712121212121213,0.05851063829787234,0.05172413793103448,0.06806282722513089,0.09195402298850575,0.04891304347826087,0.07692307692307693,0.053864168618266976,0.04864864864864865,0.07692307692307693,0.08653846153846154,0.08979591836734693,0.06535947712418301,0.07272727272727272,0.09259259259259259,0.05952380952380952,0.09053497942386832,0.06040268456375839,0.07482993197278912,0.06451612903225806,0.06158357771260997,0.11643835616438356,0.054878048780487805,0.05116279069767442,0.05421686746987952,0.09243697478991597,0.05813953488372093,0.10476190476190476,0.052941176470588235,,,,,,,,,,,,,,,,
113017,0.06837606837606838,0.0732484076433121,0.05642633228840126,0.06698564593301436,0.06349206349206349,0.09322033898305085,0.07377049180327869,0.07526881720430108,0.07042253521126761,0.08247422680412371,0.060085836909871244,0.095,0.07567567567567568,0.08906882591093117,0.07430340557275542,0.06944444444444445,0.06989247311827956,0.07142857142857142,0.0702576112412178,0.06818181818181818,0.0855614973262032,0.09803921568627451,0.046242774566473986,0.0784313725490196,0.05555555555555555,0.07065217391304347,0.08163265306122448,0.09210526315789473,0.09055118110236221,0.06639004149377593,0.0979381443298969,0.08955223880597014,0.07758620689655173,0.11013215859030837,0.07853403141361257,0.08791208791208792,0.07027027027027027,0.06222222222222222,0.11864406779661017,0.07772020725388601,0.059113300492610835,0.09251101321585903,0.07,0.06046511627906977,0.07534246575342465,0.0787037037037037,0.0594059405940594,0.0684931506849315,0.07920792079207921,0.058900523560209424,0.08727272727272728,0.05555555555555555,0.0892018779342723,0.11210762331838565,0.09745762711864407,0.09157509157509157,0.08839779005524862,0.07590759075907591,0.06842105263157895,0.08163265306122448,0.09225092250922509,0.07344632768361582,0.05714285714285714,0.09289617486338798,0.06504065040650407,0.08620689655172414,0.06770833333333333,0.06995884773662552,0.07731958762886598,0.08646616541353383,0.045,0.06302521008403361,0.05555555555555555,0.06565656565656566,,,,,,,,,,,,,,,
116056,0.09178743961352658,0.0627177700348432,0.0684931506849315,0.06043956043956044,0.037037037037037035,0.10047846889952153,0.11059907834101383,0.0880503144654088,0.07518796992481203,0.09580838323353294,0.0825242718446602,0.09826589595375723,0.08227848101265822,0.08636363636363636,0.08783783783783784,0.07662835249042145,0.08176100628930817,0.1242603550295858,0.0775,0.06040268456375839,0.0875,0.11864406779661017,0.07534246575342465,0.07344632768361582,0.058823529411764705,0.08917197452229299,0.08284023668639054,0.1044776119402985,0.10572687224669604,0.06542056074766354,0.10179640718562874,0.08045977011494253,0.09268292682926829,0.065,0.06707317073170732,0.08387096774193549,0.08227848101265822,0.07575757575757576,0.09333333333333334,0.0963855421686747,0.08522727272727272,0.105,0.09248554913294797,0.07446808510638298,0.1018867924528302,0.1164021164021164,0.08,0.09375,0.09714285714285714,0.05563093622795115,0.10483870967741936,0.04912280701754386,0.08602150537634409,0.10714285714285714,0.11961722488038277,0.10569105691056911,0.09090909090909091,0.09057971014492754,0.0736196319018405,0.08284023668639054,0.11475409836065574,0.08666666666666667,0.07432432432432433,0.10256410256410256,0.08187134502923976,0.1292517006802721,0.10303030303030303,0.10648148148148148,0.0718562874251497,0.1087866108786611,0.057803468208092484,0.06635071090047394,0.08771929824561403,0.10526315789473684,0.10552763819095477,,,,,,,,,,,,,,
117667,0.04975124378109453,0.08896797153024912,0.05244755244755245,0.05113636363636364,0.0641025641025641,0.09852216748768473,0.0995260663507109,0.08496732026143791,0.08142493638676845,0.07453416149068323,0.04,0.11976047904191617,0.125,0.07009345794392523,0.07586206896551724,0.08627450980392157,0.058823529411764705,0.09202453987730061,0.07106598984771574,0.0979020979020979,0.07792207792207792,0.08771929824561403,0.03571428571428571,0.06432748538011696,0.07482993197278912,0.08609271523178808,0.06748466257668712,0.08717948717948718,0.11312217194570136,0.07692307692307693,0.09316770186335403,0.08333333333333333,0.09547738693467336,0.09278350515463918,0.0759493670886076,0.06040268456375839,0.07894736842105263,0.09375,0.08333333333333333,0.0625,0.10588235294117647,0.05670103092783505,0.07784431137724551,0.07692307692307693,0.0888030888030888,0.04918032786885246,0.08284023668639054,0.07526881720430108,0.05325443786982249,0.057455540355677154,0.08677685950413223,0.050647820965842166,0.07777777777777778,0.07894736842105263,0.09359605911330049,0.1125,0.07432432432432433,0.08888888888888889,0.08280254777070063,0.08588957055214724,0.1134453781512605,0.041666666666666664,0.035211267605633804,0.06,0.08630952380952381,0.09929078014184398,0.050314465408805034,0.10952380952380952,0.06832298136645963,0.10300429184549356,0.0658682634730539,0.09268292682926829,0.07878787878787878,0.06666666666666667,0.07772020725388601,0.060240963855421686,,,,,,,,,,,,,
119508,0.07984790874524715,0.1661807580174927,0.07758620689655173,0.07142857142857142,0.05963302752293578,0.21509433962264152,0.0989010989010989,0.11627906976744186,0.07252747252747253,0.09865470852017937,0.08015267175572519,0.12663755458515283,0.0794392523364486,0.10869565217391304,0.08806818181818182,0.11041009463722397,0.06511627906976744,0.06666666666666667,0.08991228070175439,0.08292682926829269,0.09722222222222222,0.12875536480686695,0.07920792079207921,0.09871244635193133,0.09090909090909091,0.08450704225352113,0.09333333333333334,0.12840466926070038,0.08480565371024736,0.08888888888888889,0.08520179372197309,0.08260869565217391,0.07662835249042145,0.10546875,0.08636363636363636,0.13270142180094788,0.09813084112149532,0.20078740157480315,0.10194174757281553,0.0945945945945946,0.08189655172413793,0.09375,0.11790393013100436,0.10245901639344263,0.10903426791277258,0.10204081632653061,0.09090909090909091,0.11693548387096774,0.10822510822510822,0.07566204287515763,0.11513157894736842,0.07793633369923161,0.0743801652892562,0.1111111111111111,0.1169811320754717,0.12582781456953643,0.08095238095238096,0.10843373493975904,0.0958904109589041,0.08888888888888889,0.12666666666666668,0.07281553398058252,0.06372549019607843,0.09433962264150944,0.07788944723618091,0.09852216748768473,0.10407239819004525,0.09191176470588236,0.09417040358744394,0.1152542372881356,0.06986899563318777,0.0898876404494382,0.10572687224669604,0.09691629955947137,0.10196078431372549,0.11842105263157894,0.08558558558558559,,,,,,,,,,,,
119838,0.07,0.06785714285714285,0.07719298245614035,0.07428571428571429,0.07096774193548387,0.10891089108910891,0.08095238095238096,0.09868421052631579,0.07142857142857142,0.175,0.09547738693467336,0.09036144578313253,0.09933774834437085,0.06103286384976526,0.07958477508650519,0.1062992125984252,0.07236842105263158,0.06172839506172839,0.06870229007633588,0.07042253521126761,0.08496732026143791,0.10588235294117647,0.10071942446043165,0.07647058823529412,0.06164383561643835,0.09333333333333334,0.08641975308641975,0.09278350515463918,0.08636363636363636,0.07246376811594203,0.10625,0.0718562874251497,0.06565656565656566,0.12435233160621761,0.07006369426751592,0.12837837837837837,0.052980132450331126,0.09424083769633508,0.06293706293706294,0.09433962264150944,0.11242603550295859,0.11398963730569948,0.060240963855421686,0.07734806629834254,0.05426356589147287,0.17582417582417584,0.11904761904761904,0.07567567567567568,0.09523809523809523,0.049315068493150684,0.08713692946058091,0.041273584905660375,0.10614525139664804,0.08465608465608465,0.06435643564356436,0.09623430962343096,0.08843537414965986,0.11895910780669144,0.0641025641025641,0.09259259259259259,0.09282700421940929,0.09090909090909091,0.05673758865248227,0.08053691275167785,0.08059701492537313,0.09285714285714286,0.12025316455696203,0.11004784688995216,0.09375,0.09482758620689655,0.0963855421686747,0.058823529411764705,0.12195121951219512,0.06097560975609756,0.07291666666666667,0.10909090909090909,0.06918238993710692,0.10407239819004525,,,,,,,,,,,
122100,0.0663265306122449,0.07971014492753623,0.05693950177935943,0.05263157894736842,0.0728476821192053,0.09090909090909091,0.10679611650485436,0.10135135135135136,0.07474226804123711,0.0641025641025641,0.05641025641025641,0.1111111111111111,0.05442176870748299,0.0861244019138756,0.08421052631578947,0.104,0.05405405405405406,0.056962025316455694,0.08483290488431877,0.10144927536231885,0.08053691275167785,0.10843373493975904,0.06666666666666667,0.10240963855421686,0.06338028169014084,0.0821917808219178,0.0949367088607595,0.08947368421052632,0.09722222222222222,0.07881773399014778,0.0641025641025641,0.06134969325153374,0.06701030927835051,0.1111111111111111,0.06535947712418301,0.08333333333333333,0.07482993197278912,0.06417112299465241,0.08633093525179857,0.06451612903225806,0.12121212121212122,0.07936507936507936,0.08641975308641975,0.0903954802259887,0.09055118110236221,0.06179775280898876,0.06097560975609756,0.09392265193370165,0.09146341463414634,0.046831955922865015,0.08438818565400844,0.0509478672985782,0.07428571428571429,0.07567567567567568,0.09595959595959595,0.10638297872340426,0.06293706293706294,0.06792452830188679,0.08552631578947369,0.0759493670886076,0.1072961373390558,0.07913669064748201,0.058394160583941604,0.07586206896551724,0.06646525679758308,0.09558823529411764,0.05844155844155844,0.05853658536585366,0.07692307692307693,0.07894736842105263,0.09259259259259259,0.07,0.05625,0.1,0.06382978723404255,0.08695652173913043,0.10967741935483871,0.10138248847926268,0.08441558441558442,,,,,,,,,,
122697,0.10526315789473684,0.0726643598615917,0.08843537414965986,0.07065217391304347,0.054878048780487805,0.11374407582938388,0.0776255707762557,0.11801242236024845,0.06982543640897755,0.1301775147928994,0.10096153846153846,0.10285714285714286,0.14375,0.0990990990990991,0.1040268456375839,0.11026615969581749,0.10559006211180125,0.07017543859649122,0.06467661691542288,0.08609271523178808,0.09259259259259259,0.11173184357541899,0.06756756756756757,0.12290502793296089,0.08387096774193549,0.08176100628930817,0.13450292397660818,0.11330049261083744,0.11790393013100436,0.06944444444444445,0.08875739644970414,0.11931818181818182,0.10628019323671498,0.10396039603960396,0.08433734939759036,0.12101910828025478,0.05625,0.09,0.07894736842105263,0.1130952380952381,0.0898876404494382,0.10891089108910891,0.10285714285714286,0.08947368421052632,0.10112359550561797,0.1256544502617801,0.07344632768361582,0.0979381443298969,0.0847457627118644,0.056833558863328824,0.132,0.046674445740956826,0.10638297872340426,0.15656565656565657,0.08530805687203792,0.12096774193548387,0.08974358974358974,0.11510791366906475,0.12121212121212122,0.1111111111111111,0.11788617886178862,0.07894736842105263,0.06666666666666667,0.10759493670886076,0.0755813953488372,0.1342281879194631,0.11377245508982035,0.12385321100917432,0.10650887573964497,0.1037344398340249,0.05714285714285714,0.09859154929577464,0.10982658959537572,0.08092485549132948,0.09950248756218906,0.10919540229885058,0.11904761904761904,0.10434782608695652,0.12574850299401197,0.09815950920245399,,,,,,,,,
125659,0.07373271889400922,0.06734006734006734,0.06622516556291391,0.041666666666666664,0.0755813953488372,0.1095890410958904,0.0881057268722467,0.11242603550295859,0.07334963325183375,0.11299435028248588,0.05555555555555555,0.12021857923497267,0.10714285714285714,0.08260869565217391,0.06535947712418301,0.0959409594095941,0.08284023668639054,0.08379888268156424,0.07560975609756097,0.09433962264150944,0.08823529411764706,0.10695187165775401,0.057692307692307696,0.08021390374331551,0.08588957055214724,0.10778443113772455,0.1005586592178771,0.11848341232227488,0.10970464135021098,0.09821428571428571,0.1016949152542373,0.10869565217391304,0.09767441860465116,0.11904761904761904,0.09195402298850575,0.09696969696969697,0.08333333333333333,0.08173076923076923,0.08125,0.07386363636363637,0.10752688172043011,0.09523809523809523,0.08743169398907104,0.11616161616161616,0.09090909090909091,0.08040201005025126,0.06486486486486487,0.0891089108910891,0.0918918918918919,0.07095046854082998,0.1124031007751938,0.055491329479768786,0.08673469387755102,0.13106796116504854,0.1187214611872146,0.109375,0.09146341463414634,0.08741258741258741,0.09248554913294797,0.07262569832402235,0.11023622047244094,0.05,0.05063291139240506,0.0963855421686747,0.07954545454545454,0.10191082802547771,0.09142857142857143,0.09734513274336283,0.07909604519774012,0.0963855421686747,0.07103825136612021,0.07692307692307693,0.09944751381215469,0.08839779005524862,0.10047846889952153,0.10989010989010989,0.07954545454545454,0.11764705882352941,0.10285714285714286,0.07602339181286549,0.1358695652173913,,,,,,,,
126660,0.05,0.07333333333333333,0.05573770491803279,0.06666666666666667,0.05714285714285714,0.06756756756756757,0.09130434782608696,0.09883720930232558,0.055825242718446605,0.05555555555555555,0.0593607305936073,0.08064516129032258,0.05847953216374269,0.06437768240343347,0.0744336569579288,0.072992700729927,0.06395348837209303,0.04945054945054945,0.06537530266343826,0.04938271604938271,0.057803468208092484,0.07368421052631578,0.031446540880503145,0.05263157894736842,0.04216867469879518,0.06470588235294118,0.04945054945054945,0.08411214953271028,0.06666666666666667,0.039647577092511016,0.05555555555555555,0.06417112299465241,0.03211009174311927,0.0892018779342723,0.096045197740113,0.07142857142857142,0.07017543859649122,0.04739336492890995,0.0736196319018405,0.07262569832402235,0.07936507936507936,0.07042253521126761,0.06989247311827956,0.0845771144278607,0.0539568345323741,0.10396039603960396,0.09574468085106383,0.04878048780487805,0.05851063829787234,0.05733333333333333,0.07662835249042145,0.04608294930875576,0.06030150753768844,0.07655502392344497,0.06306306306306306,0.08494208494208494,0.08383233532934131,0.0657439446366782,0.03409090909090909,0.09340659340659341,0.08171206225680934,0.09815950920245399,0.08695652173913043,0.05917159763313609,0.059154929577464786,0.05,0.08426966292134831,0.11353711790393013,0.06111111111111111,0.09523809523809523,0.05913978494623656,0.049107142857142856,0.043478260869565216,0.05434782608695652,0.07547169811320754,0.05945945945945946,0.0782122905027933,0.08298755186721991,0.07303370786516854,0.06321839080459771,0.06417112299465241,0.06153846153846154,,,,,,,
129324,0.0847457627118644,0.06962025316455696,0.07476635514018691,0.061611374407582936,0.041884816753926704,0.08823529411764706,0.10569105691056911,0.13297872340425532,0.07476635514018691,0.09183673469387756,0.07659574468085106,0.11386138613861387,0.10695187165775401,0.08032128514056225,0.09230769230769231,0.10689655172413794,0.09042553191489362,0.10101010101010101,0.10256410256410256,0.06179775280898876,0.09523809523809523,0.0970873786407767,0.06857142857142857,0.10194174757281553,0.07692307692307693,0.06989247311827956,0.08585858585858586,0.10869565217391304,0.11328125,0.06172839506172839,0.05102040816326531,0.09852216748768473,0.09401709401709402,0.08733624454148471,0.08290155440414508,0.07608695652173914,0.06951871657754011,0.07048458149779736,0.0782122905027933,0.08717948717948718,0.1073170731707317,0.09170305676855896,0.0891089108910891,0.10599078341013825,0.08843537414965986,0.0871559633027523,0.09313725490196079,0.10407239819004525,0.058823529411764705,0.0639686684073107,0.12274368231046931,0.06334841628959276,0.09767441860465116,0.1288888888888889,0.09243697478991597,0.11272727272727273,0.10382513661202186,0.12131147540983607,0.109375,0.12121212121212122,0.10622710622710622,0.08379888268156424,0.062146892655367235,0.08108108108108109,0.08086253369272237,0.08522727272727272,0.10824742268041238,0.12244897959183673,0.10204081632653061,0.11567164179104478,0.0891089108910891,0.0875,0.08,0.08,0.07456140350877193,0.08955223880597014,0.08205128205128205,0.09727626459143969,0.0979381443298969,0.07368421052631578,0.12807881773399016,0.10900473933649289,0.0794392523364486,,,,,,
130953,0.053811659192825115,0.06930693069306931,0.06168831168831169,0.05555555555555555,0.03932584269662921,0.08888888888888889,0.11587982832618025,0.10857142857142857,0.0746987951807229,0.06557377049180328,0.07207207207207207,0.08465608465608465,0.07471264367816093,0.07203389830508475,0.08333333333333333,0.08303249097472924,0.08,0.05405405405405406,0.06971153846153846,0.06666666666666667,0.08522727272727272,0.08808290155440414,0.05555555555555555,0.07253886010362694,0.10650887573964497,0.09248554913294797,0.0972972972972973,0.09216589861751152,0.09465020576131687,0.06086956521739131,0.07103825136612021,0.07894736842105263,0.07239819004524888,0.09259259259259259,0.1,0.1111111111111111,0.08620689655172414,0.06542056074766354,0.0783132530120482,0.08241758241758242,0.09895833333333333,0.07407407407407407,0.09523809523809523,0.08333333333333333,0.07829181494661921,0.07804878048780488,0.09947643979057591,0.07692307692307693,0.08376963350785341,0.055776892430278883,0.09848484848484848,0.04707233065442021,0.08415841584158416,0.08490566037735849,0.07555555555555556,0.09923664122137404,0.07058823529411765,0.09931506849315068,0.0782122905027933,0.0972972972972973,0.09615384615384616,0.060240963855421686,0.054878048780487805,0.08139534883720931,0.0782122905027933,0.09815950920245399,0.08839779005524862,0.10344827586206896,0.09836065573770492,0.10588235294117647,0.08465608465608465,0.07048458149779736,0.06417112299465241,0.0748663101604278,0.08837209302325581,0.09042553191489362,0.07692307692307693,0.10655737704918032,0.09392265193370165,0.096045197740113,0.1,0.09595959595959595,0.0945273631840796,0.0967741935483871,,,,,
132991,0.0718232044198895,0.09951845906902086,0.09713375796178345,0.05405405405405406,0.04216867469879518,0.08440366972477065,0.07956600361663653,0.05858585858585859,0.09115646258503401,0.10139165009940358,0.08671586715867159,0.09233791748526522,0.06882591093117409,0.07733812949640288,0.10917721518987342,0.09380234505862646,0.06464646464646465,0.04950495049504951,0.12364130434782608,0.06391752577319587,0.07258064516129033,0.07992202729044834,0.04979253112033195,0.07602339181286549,0.06134969325153374,0.060851926977687626,0.07128712871287128,0.08193668528864059,0.08880994671403197,0.06545454545454546,0.061630218687872766,0.07450980392156863,0.06099815157116451,0.08582089552238806,0.064,0.0835030549898167,0.05668016194331984,0.06554307116104868,0.05555555555555555,0.07569721115537849,0.068359375,0.08768656716417911,0.06483300589390963,0.0648854961832061,0.07321131447587355,0.10476190476190476,0.07827788649706457,0.06818181818181818,0.07827788649706457,0.11742777260018639,0.10273972602739725,0.10495382031905962,0.08620689655172414,0.08082706766917293,0.08256880733944955,0.10996563573883161,0.0673469387755102,0.12581699346405228,0.07414829659318638,0.07326732673267326,0.10862068965517241,0.05761316872427984,0.03512396694214876,0.06707317073170732,0.08997050147492626,0.060041407867494824,0.0658682634730539,0.09420289855072464,0.07952286282306163,0.09565217391304348,0.068762278978389,0.06946983546617916,0.08481262327416174,0.05128205128205128,0.056074766355140186,0.07677165354330709,0.06573705179282868,0.09219858156028368,0.1437125748502994,0.04627766599597585,0.08823529411764706,0.07915057915057915,0.05566218809980806,0.09497206703910614,0.07061068702290077,,,,
134427,0.05853658536585366,0.07368421052631578,0.04827586206896552,0.07222222222222222,0.05,0.07246376811594203,0.07906976744186046,0.07643312101910828,0.05037783375314862,0.04242424242424243,0.058823529411764705,0.0935672514619883,0.0641025641025641,0.06880733944954129,0.06802721088435375,0.06177606177606178,0.06369426751592357,0.0718562874251497,0.06532663316582915,0.06802721088435375,0.08860759493670886,0.09714285714285714,0.0625,0.13142857142857142,0.11920529801324503,0.1032258064516129,0.05389221556886228,0.09547738693467336,0.07111111111111111,0.06132075471698113,0.15757575757575756,0.0755813953488372,0.059113300492610835,0.1111111111111111,0.06790123456790123,0.09803921568627451,0.0641025641025641,0.07142857142857142,0.10810810810810811,0.042682926829268296,0.07471264367816093,0.06060606060606061,0.09941520467836257,0.053763440860215055,0.057034220532319393,0.053475935828877004,0.057803468208092484,0.08421052631578947,0.12716763005780346,0.047619047619047616,0.08130081300813008,0.0492379835873388,0.05434782608695652,0.09278350515463918,0.10144927536231885,0.08196721311475409,0.06578947368421052,0.08029197080291971,0.08695652173913043,0.07784431137724551,0.07851239669421488,0.0472972972972973,0.04794520547945205,0.07142857142857142,0.05,0.07586206896551724,0.06134969325153374,0.06074766355140187,0.07272727272727272,0.09282700421940929,0.05847953216374269,0.07655502392344497,0.05325443786982249,0.09467455621301775,0.07614213197969544,0.07647058823529412,0.07317073170731707,0.10619469026548672,0.06134969325153374,0.07547169811320754,0.05813953488372093,0.07777777777777778,0.060109289617486336,0.07035175879396985,0.05913978494623656,0.0691699604743083,,,
134923,0.0794979079497908,0.08150470219435736,0.08641975308641975,0.0794392523364486,0.06701030927835051,0.0954356846473029,0.10441767068273092,0.08376963350785341,0.09744779582366589,0.08542713567839195,0.07142857142857142,0.12195121951219512,0.08947368421052632,0.1111111111111111,0.08841463414634146,0.10921501706484642,0.09947643979057591,0.11442786069651742,0.09259259259259259,0.09392265193370165,0.09895833333333333,0.11483253588516747,0.09550561797752809,0.10047846889952153,0.10270270270270271,0.08465608465608465,0.12437810945273632,0.12017167381974249,0.1274131274131274,0.07723577235772358,0.10050251256281408,0.1262135922330097,0.10548523206751055,0.1336206896551724,0.10204081632653061,0.11229946524064172,0.09473684210526316,0.09130434782608696,0.11538461538461539,0.09595959595959595,0.09615384615384616,0.10775862068965517,0.12195121951219512,0.08636363636363636,0.09090909090909091,0.06787330316742081,0.0966183574879227,0.12053571428571429,0.12077294685990338,0.06501950585175553,0.14285714285714285,0.06313416009019165,0.0963302752293578,0.10964912280701754,0.0995850622406639,0.13309352517985612,0.10215053763440861,0.10714285714285714,0.11282051282051282,0.1044776119402985,0.13043478260869565,0.07692307692307693,0.044444444444444446,0.10638297872340426,0.10427807486631016,0.12849162011173185,0.09644670050761421,0.10080645161290322,0.09547738693467336,0.11439114391143912,0.0975609756097561,0.09876543209876543,0.08866995073891626,0.08374384236453201,0.09090909090909091,0.11764705882352941,0.08080808080808081,0.11538461538461539,0.09137055837563451,0.09326424870466321,0.10194174757281553,0.1261682242990654,0.055299539170506916,0.13304721030042918,0.10909090909090909,0.08518518518518518,0.10891089108910891,,


Max ,0.4716981132075472,82660,88964
AVG ,0.081
Total Coverage ,0.387