 ,2,23,33,41,53,280,675,2130,3991,5623,6288,14108,16765,19452,19991,21904,23005,24523,25441,30194,31572,31842,33147,33797,34752,35483,37104,38613,40943,41314,42124,43461,45397,48290,49244,51010,51155,52648,53570,57041,57367,59298,60414,62810,63207,65671,68097,68517,70761,72856,74151,75651,76193,79129,80509,82660,83853,84953,86542,87890,88964,91689,92387,94127,95877,97533,97892,101186,101866,103761,106329,106990,109203,111030,112158,116056,117667,119508,119838,122100,122697,125659,126660,129324,130953,132703,134427,134923
2,,,,,,,,,,,,,,,,,,,,,,,,,,,,,,,,,,,,,,,,,,,,,,,,,,,,,,,,,,,,,,,,,,,,,,,,,,,,,,,,,,,,,,,,,
23,0.06521739130434782,,,,,,,,,,,,,,,,,,,,,,,,,,,,,,,,,,,,,,,,,,,,,,,,,,,,,,,,,,,,,,,,,,,,,,,,,,,,,,,,,,,,,,,,
33,0.07951070336391437,0.07371007371007371,,,,,,,,,,,,,,,,,,,,,,,,,,,,,,,,,,,,,,,,,,,,,,,,,,,,,,,,,,,,,,,,,,,,,,,,,,,,,,,,,,,,,,,
41,0.041474654377880185,0.050505050505050504,0.04966887417218543,,,,,,,,,,,,,,,,,,,,,,,,,,,,,,,,,,,,,,,,,,,,,,,,,,,,,,,,,,,,,,,,,,,,,,,,,,,,,,,,,,,,,,
53,0.030456852791878174,0.05415162454873646,0.03900709219858156,0.01744186046511628,,,,,,,,,,,,,,,,,,,,,,,,,,,,,,,,,,,,,,,,,,,,,,,,,,,,,,,,,,,,,,,,,,,,,,,,,,,,,,,,,,,,,
280,0.0912863070539419,0.1059190031152648,0.09202453987730061,0.046296296296296294,0.04081632653061224,,,,,,,,,,,,,,,,,,,,,,,,,,,,,,,,,,,,,,,,,,,,,,,,,,,,,,,,,,,,,,,,,,,,,,,,,,,,,,,,,,,,
675,0.06746031746031746,0.08433734939759036,0.06824925816023739,0.04405286343612335,0.04830917874396135,0.08764940239043825,,,,,,,,,,,,,,,,,,,,,,,,,,,,,,,,,,,,,,,,,,,,,,,,,,,,,,,,,,,,,,,,,,,,,,,,,,,,,,,,,,,
2130,0.061855670103092786,0.043795620437956206,0.05017921146953405,0.05917159763313609,0.040268456375838924,0.06735751295336788,0.12745098039215685,,,,,,,,,,,,,,,,,,,,,,,,,,,,,,,,,,,,,,,,,,,,,,,,,,,,,,,,,,,,,,,,,,,,,,,,,,,,,,,,,,
3991,0.06221198156682028,0.08365758754863813,0.07707129094412331,0.06356968215158924,0.05398457583547558,0.08545034642032333,0.0945945945945946,0.06217616580310881,,,,,,,,,,,,,,,,,,,,,,,,,,,,,,,,,,,,,,,,,,,,,,,,,,,,,,,,,,,,,,,,,,,,,,,,,,,,,,,,,
5623,0.10396039603960396,0.0673758865248227,0.07665505226480836,0.05649717514124294,0.06369426751592357,0.08955223880597014,0.07075471698113207,0.09740259740259741,0.050761421319796954,,,,,,,,,,,,,,,,,,,,,,,,,,,,,,,,,,,,,,,,,,,,,,,,,,,,,,,,,,,,,,,,,,,,,,,,,,,,,,,,
6288,0.07883817427385892,0.07476635514018691,0.06441717791411043,0.05555555555555555,0.04591836734693878,0.058333333333333334,0.07171314741035857,0.046632124352331605,0.06466512702078522,0.06965174129353234,,,,,,,,,,,,,,,,,,,,,,,,,,,,,,,,,,,,,,,,,,,,,,,,,,,,,,,,,,,,,,,,,,,,,,,,,,,,,,,
14108,0.08173076923076923,0.10069444444444445,0.09215017064846416,0.06557377049180328,0.05521472392638037,0.14009661835748793,0.09174311926605505,0.08125,0.0775,0.10714285714285714,0.06763285024154589,,,,,,,,,,,,,,,,,,,,,,,,,,,,,,,,,,,,,,,,,,,,,,,,,,,,,,,,,,,,,,,,,,,,,,,,,,,,,,
16765,0.046632124352331605,0.07326007326007326,0.07194244604316546,0.05357142857142857,0.07432432432432433,0.078125,0.10344827586206896,0.09655172413793103,0.07012987012987013,0.1111111111111111,0.06770833333333333,0.0880503144654088,,,,,,,,,,,,,,,,,,,,,,,,,,,,,,,,,,,,,,,,,,,,,,,,,,,,,,,,,,,,,,,,,,,,,,,,,,,,,
19452,0.10588235294117647,0.06865671641791045,0.08823529411764706,0.04782608695652174,0.05714285714285714,0.1062992125984252,0.10566037735849057,0.08695652173913043,0.07606263982102908,0.06976744186046512,0.07874015748031496,0.09954751131221719,0.03398058252427184,,,,,,,,,,,,,,,,,,,,,,,,,,,,,,,,,,,,,,,,,,,,,,,,,,,,,,,,,,,,,,,,,,,,,,,,,,,,
19991,0.09025270758122744,0.10084033613445378,0.10497237569060773,0.06349206349206349,0.0603448275862069,0.12681159420289856,0.10104529616724739,0.07860262008733625,0.09381663113006397,0.11392405063291139,0.08333333333333333,0.13168724279835392,0.09649122807017543,0.0896551724137931,,,,,,,,,,,,,,,,,,,,,,,,,,,,,,,,,,,,,,,,,,,,,,,,,,,,,,,,,,,,,,,,,,,,,,,,,,,
21904,0.05154639175257732,0.06569343065693431,0.07526881720430108,0.05325443786982249,0.053691275167785234,0.06735751295336788,0.10294117647058823,0.08904109589041095,0.05958549222797927,0.09090909090909091,0.05699481865284974,0.09375,0.0896551724137931,0.06763285024154589,0.06986899563318777,,,,,,,,,,,,,,,,,,,,,,,,,,,,,,,,,,,,,,,,,,,,,,,,,,,,,,,,,,,,,,,,,,,,,,,,,,
23005,0.06701030927835051,0.04744525547445255,0.07885304659498207,0.029585798816568046,0.04697986577181208,0.08808290155440414,0.0784313725490196,0.0547945205479452,0.04145077720207254,0.07142857142857142,0.06735751295336788,0.11875,0.07586206896551724,0.09178743961352658,0.09170305676855896,0.07534246575342465,,,,,,,,,,,,,,,,,,,,,,,,,,,,,,,,,,,,,,,,,,,,,,,,,,,,,,,,,,,,,,,,,,,,,,,,,
24523,0.06606606606606606,0.08716707021791767,0.09090909090909091,0.06168831168831169,0.03819444444444445,0.12650602409638553,0.10204081632653061,0.07719298245614035,0.08,0.08532423208191127,0.06626506024096386,0.10367892976588629,0.08098591549295775,0.10404624277456648,0.09239130434782608,0.06315789473684211,0.07368421052631578,,,,,,,,,,,,,,,,,,,,,,,,,,,,,,,,,,,,,,,,,,,,,,,,,,,,,,,,,,,,,,,,,,,,,,,,
25441,0.08745247148288973,0.10787172011661808,0.09195402298850575,0.058823529411764705,0.05504587155963303,0.09923664122137404,0.0989010989010989,0.08372093023255814,0.0989010989010989,0.08520179372197309,0.08396946564885496,0.11790393013100436,0.09813084112149532,0.09420289855072464,0.10067114093959731,0.06976744186046512,0.09302325581395349,0.096045197740113,,,,,,,,,,,,,,,,,,,,,,,,,,,,,,,,,,,,,,,,,,,,,,,,,,,,,,,,,,,,,,,,,,,,,,,
30194,0.05434782608695652,0.056818181818181816,0.055762081784386616,0.050314465408805034,0.06474820143884892,0.08196721311475409,0.07731958762886598,0.08088235294117647,0.06382978723404255,0.08333333333333333,0.0273224043715847,0.1,0.05185185185185185,0.09137055837563451,0.0730593607305936,0.08088235294117647,0.08088235294117647,0.07636363636363637,0.06829268292682927,,,,,,,,,,,,,,,,,,,,,,,,,,,,,,,,,,,,,,,,,,,,,,,,,,,,,,,,,,,,,,,,,,,,,,
31572,0.06153846153846154,0.07272727272727272,0.06785714285714285,0.07058823529411765,0.06,0.0979381443298969,0.12195121951219512,0.08843537414965986,0.06459948320413436,0.09032258064516129,0.09278350515463918,0.09937888198757763,0.11643835616438356,0.0673076923076923,0.08260869565217391,0.06802721088435375,0.08843537414965986,0.08391608391608392,0.09722222222222222,0.08029197080291971,,,,,,,,,,,,,,,,,,,,,,,,,,,,,,,,,,,,,,,,,,,,,,,,,,,,,,,,,,,,,,,,,,,,,
31842,0.07075471698113207,0.06506849315068493,0.0707070707070707,0.06417112299465241,0.0658682634730539,0.0995260663507109,0.10810810810810811,0.10975609756097561,0.06188118811881188,0.10465116279069768,0.08530805687203792,0.11797752808988764,0.09815950920245399,0.09777777777777778,0.09716599190283401,0.08536585365853659,0.0975609756097561,0.1551155115511551,0.0944206008583691,0.1038961038961039,0.13333333333333333,,,,,,,,,,,,,,,,,,,,,,,,,,,,,,,,,,,,,,,,,,,,,,,,,,,,,,,,,,,,,,,,,,,,
33147,0.08287292817679558,0.04597701149425287,0.06766917293233082,0.04487179487179487,0.04411764705882353,0.07777777777777778,0.05759162303664921,0.06015037593984962,0.03753351206434316,0.07092198581560284,0.06111111111111111,0.061224489795918366,0.05303030303030303,0.07731958762886598,0.06481481481481481,0.045112781954887216,0.06766917293233082,0.0661764705882353,0.04950495049504951,0.056910569105691054,0.05970149253731343,0.07947019867549669,,,,,,,,,,,,,,,,,,,,,,,,,,,,,,,,,,,,,,,,,,,,,,,,,,,,,,,,,,,,,,,,,,,
33797,0.07075471698113207,0.0958904109589041,0.09090909090909091,0.0481283422459893,0.05389221556886228,0.10900473933649289,0.06756756756756757,0.0975609756097561,0.06435643564356436,0.09883720930232558,0.06635071090047394,0.15168539325842698,0.07975460122699386,0.09333333333333334,0.09716599190283401,0.042682926829268296,0.0975609756097561,0.0858085808580858,0.0944206008583691,0.07142857142857142,0.10909090909090909,0.0989010989010989,0.11920529801324503,,,,,,,,,,,,,,,,,,,,,,,,,,,,,,,,,,,,,,,,,,,,,,,,,,,,,,,,,,,,,,,,,,
34752,0.059574468085106386,0.13818181818181818,0.07387387387387387,0.04943820224719101,0.05647058823529412,0.10874200426439233,0.09166666666666666,0.061611374407582936,0.10120845921450151,0.06976744186046512,0.057569296375266525,0.09403669724770643,0.05463182897862233,0.09523809523809523,0.10495049504950495,0.05687203791469194,0.06398104265402843,0.12477718360071301,0.10590631364562118,0.055825242718446605,0.08274231678486997,0.10681818181818181,0.061124694376528114,0.09318181818181819,,,,,,,,,,,,,,,,,,,,,,,,,,,,,,,,,,,,,,,,,,,,,,,,,,,,,,,,,,,,,,,,,
35483,0.057291666666666664,0.04411764705882353,0.036101083032490974,0.059880239520958084,0.034013605442176874,0.06282722513089005,0.10396039603960396,0.06944444444444445,0.052083333333333336,0.09210526315789473,0.06806282722513089,0.08227848101265822,0.04895104895104895,0.06341463414634146,0.07929515418502203,0.0625,0.0625,0.08833922261484099,0.07981220657276995,0.1044776119402985,0.0896551724137931,0.09876543209876543,0.05343511450381679,0.06790123456790123,0.05952380952380952,,,,,,,,,,,,,,,,,,,,,,,,,,,,,,,,,,,,,,,,,,,,,,,,,,,,,,,,,,,,,,,,
37104,0.04922279792746114,0.08333333333333333,0.07001166861143523,0.05488621151271754,0.039889958734525444,0.0648508430609598,0.0959079283887468,0.058011049723756904,0.09854771784232365,0.05327868852459016,0.054474708171206226,0.051490514905149054,0.04426002766251729,0.06496815286624204,0.07434944237918216,0.04834254143646409,0.04281767955801105,0.08458864426419467,0.08827238335435057,0.04201680672268908,0.05517241379310345,0.06064690026954178,0.02812939521800281,0.05256064690026954,0.101,0.04293628808864266,,,,,,,,,,,,,,,,,,,,,,,,,,,,,,,,,,,,,,,,,,,,,,,,,,,,,,,,,,,,,,,
38613,0.08898305084745763,0.0981012658227848,0.09034267912772585,0.07109004739336493,0.05759162303664921,0.10212765957446808,0.09349593495934959,0.0851063829787234,0.08878504672897196,0.08673469387755102,0.07659574468085106,0.12376237623762376,0.11229946524064172,0.09236947791164658,0.1070110701107011,0.0797872340425532,0.09042553191489362,0.09480122324159021,0.4396887159533074,0.06741573033707865,0.08994708994708994,0.0970873786407767,0.05142857142857143,0.09223300970873786,0.10129310344827586,0.08064516129032258,0.08093994778067885,,,,,,,,,,,,,,,,,,,,,,,,,,,,,,,,,,,,,,,,,,,,,,,,,,,,,,,,,,,,,,
40943,0.07142857142857142,0.08288770053475936,0.07651715039577836,0.07806691449814127,0.060240963855421686,0.09897610921501707,0.11513157894736842,0.06910569105691057,0.09876543209876543,0.10236220472440945,0.08532423208191127,0.09615384615384616,0.07755102040816327,0.11400651465798045,0.1033434650455927,0.06910569105691057,0.07723577235772358,0.1012987012987013,0.09841269841269841,0.08050847457627118,0.09716599190283401,0.10606060606060606,0.07725321888412018,0.07954545454545454,0.10727969348659004,0.0860655737704918,0.09223300970873786,0.08680555555555555,,,,,,,,,,,,,,,,,,,,,,,,,,,,,,,,,,,,,,,,,,,,,,,,,,,,,,,,,,,,,
41314,0.05622489959839357,0.0547112462006079,0.0688622754491018,0.05803571428571429,0.058823529411764705,0.08064516129032258,0.08494208494208494,0.07960199004975124,0.11564625850340136,0.06698564593301436,0.06048387096774194,0.07906976744186046,0.09,0.07633587786259542,0.1056338028169014,0.04975124378109453,0.05472636815920398,0.061764705882352944,0.08888888888888889,0.07329842931937172,0.07920792079207921,0.0684931506849315,0.06914893617021277,0.0867579908675799,0.05870020964360587,0.08040201005025126,0.07188703465982028,0.07818930041152264,0.08970099667774087,,,,,,,,,,,,,,,,,,,,,,,,,,,,,,,,,,,,,,,,,,,,,,,,,,,,,,,,,,,,
42124,0.06435643564356436,0.07446808510638298,0.05226480836236934,0.07344632768361582,0.07006369426751592,0.08955223880597014,0.08490566037735849,0.09740259740259741,0.07614213197969544,0.07407407407407407,0.05970149253731343,0.09523809523809523,0.0718954248366013,0.08837209302325581,0.08016877637130802,0.07792207792207792,0.05844155844155844,0.06825938566552901,0.08520179372197309,0.09027777777777778,0.0967741935483871,0.09883720930232558,0.05673758865248227,0.08139534883720931,0.06511627906976744,0.1513157894736842,0.0546448087431694,0.08673469387755102,0.06692913385826772,0.08133971291866028,,,,,,,,,,,,,,,,,,,,,,,,,,,,,,,,,,,,,,,,,,,,,,,,,,,,,,,,,,,
43461,0.07655502392344497,0.06228373702422145,0.07482993197278912,0.059782608695652176,0.04878048780487805,0.07692307692307693,0.091324200913242,0.08074534161490683,0.0773067331670823,0.09467455621301775,0.04807692307692308,0.10285714285714286,0.075,0.08108108108108109,0.08196721311475409,0.09316770186335403,0.08695652173913043,0.08,0.09130434782608696,0.10596026490066225,0.05555555555555555,0.0782122905027933,0.08783783783783784,0.1005586592178771,0.06636155606407322,0.07547169811320754,0.05953991880920163,0.09852216748768473,0.0842911877394636,0.0787037037037037,0.08284023668639054,,,,,,,,,,,,,,,,,,,,,,,,,,,,,,,,,,,,,,,,,,,,,,,,,,,,,,,,,,
45397,0.075,0.08125,0.07384615384615385,0.027906976744186046,0.06153846153846154,0.09205020920502092,0.104,0.0625,0.06712962962962964,0.085,0.058577405857740586,0.07766990291262135,0.05759162303664921,0.13438735177865613,0.10909090909090909,0.057291666666666664,0.07291666666666667,0.09365558912386707,0.09195402298850575,0.07142857142857142,0.07253886010362694,0.06190476190476191,0.07262569832402235,0.06666666666666667,0.09188034188034189,0.06315789473684211,0.05844155844155844,0.08974358974358974,0.08904109589041095,0.05263157894736842,0.055,0.07246376811594203,,,,,,,,,,,,,,,,,,,,,,,,,,,,,,,,,,,,,,,,,,,,,,,,,,,,,,,,,
48290,0.07234042553191489,0.10476190476190476,0.084375,0.06666666666666667,0.08421052631578947,0.09829059829059829,0.10612244897959183,0.09090909090909091,0.11007025761124122,0.09743589743589744,0.08974358974358974,0.12437810945273632,0.0913978494623656,0.10483870967741936,0.1,0.0748663101604278,0.06951871657754011,0.1165644171779141,0.1171875,0.0847457627118644,0.0851063829787234,0.13170731707317074,0.07471264367816093,0.0975609756097561,0.09935205183585313,0.08108108108108109,0.07712418300653595,0.11353711790393013,0.10452961672473868,0.08677685950413223,0.11794871794871795,0.09405940594059406,0.0815450643776824,,,,,,,,,,,,,,,,,,,,,,,,,,,,,,,,,,,,,,,,,,,,,,,,,,,,,,,,
49244,0.1471861471861472,0.07717041800643087,0.10443037974683544,0.07281553398058252,0.04838709677419355,0.12173913043478261,0.1037344398340249,0.1092896174863388,0.08037825059101655,0.09424083769633508,0.08695652173913043,0.1218274111675127,0.08791208791208792,0.13934426229508196,0.13157894736842105,0.06557377049180328,0.1092896174863388,0.10869565217391304,0.13095238095238096,0.08670520231213873,0.10326086956521739,0.0845771144278607,0.07647058823529412,0.0945273631840796,0.08061002178649238,0.08287292817679558,0.07095926412614981,0.13333333333333333,0.10247349823321555,0.08403361344537816,0.08376963350785341,0.10606060606060606,0.13100436681222707,0.10267857142857142,,,,,,,,,,,,,,,,,,,,,,,,,,,,,,,,,,,,,,,,,,,,,,,,,,,,,,,
51010,0.08947368421052632,0.08148148148148149,0.08,0.06060606060606061,0.04827586206896552,0.12169312169312169,0.07,0.08450704225352113,0.041884816753926704,0.13333333333333333,0.09523809523809523,0.14102564102564102,0.06382978723404255,0.06896551724137931,0.12,0.04225352112676056,0.11267605633802817,0.1103202846975089,0.0995260663507109,0.09848484848484848,0.11188811188811189,0.125,0.06201550387596899,0.11875,0.07416267942583732,0.07142857142857142,0.05,0.10326086956521739,0.09917355371900827,0.06598984771573604,0.08666666666666667,0.07006369426751592,0.07446808510638298,0.10382513661202186,0.11731843575418995,,,,,,,,,,,,,,,,,,,,,,,,,,,,,,,,,,,,,,,,,,,,,,,,,,,,,,
51155,0.05699481865284974,0.04395604395604396,0.039568345323741004,0.041666666666666664,0.0472972972972973,0.06770833333333333,0.07881773399014778,0.06896551724137931,0.07012987012987013,0.06535947712418301,0.0625,0.10062893081761007,0.0625,0.06796116504854369,0.06578947368421052,0.07586206896551724,0.08275862068965517,0.08098591549295775,0.07476635514018691,0.1037037037037037,0.0958904109589041,0.09202453987730061,0.030303030303030304,0.05521472392638037,0.052256532066508314,0.08391608391608392,0.04426002766251729,0.058823529411764705,0.07755102040816327,0.07,0.0784313725490196,0.05,0.05235602094240838,0.08602150537634409,0.06593406593406594,0.07801418439716312,,,,,,,,,,,,,,,,,,,,,,,,,,,,,,,,,,,,,,,,,,,,,,,,,,,,,
52648,0.061224489795918366,0.06153846153846154,0.0696969696969697,0.05909090909090909,0.05,0.06967213114754098,0.07450980392156863,0.1065989847715736,0.10983981693363844,0.07317073170731707,0.06557377049180328,0.09004739336492891,0.09693877551020408,0.06976744186046512,0.08928571428571429,0.08629441624365482,0.07614213197969544,0.08630952380952381,0.08646616541353383,0.0748663101604278,0.07575757575757576,0.06976744186046512,0.05434782608695652,0.06976744186046512,0.06342494714587738,0.06153846153846154,0.05806451612903226,0.08786610878661087,0.0707070707070707,0.0873015873015873,0.07317073170731707,0.08490566037735849,0.06584362139917696,0.08403361344537816,0.10683760683760683,0.06735751295336788,0.08673469387755102,,,,,,,,,,,,,,,,,,,,,,,,,,,,,,,,,,,,,,,,,,,,,,,,,,,,
53570,0.08108108108108109,0.06415094339622641,0.07037037037037037,0.05,0.06428571428571428,0.09239130434782608,0.08205128205128205,0.0948905109489051,0.0636604774535809,0.06896551724137931,0.07065217391304347,0.11920529801324503,0.0661764705882353,0.08080808080808081,0.08181818181818182,0.08759124087591241,0.08759124087591241,0.07608695652173914,0.09223300970873786,0.10236220472440945,0.12318840579710146,0.12258064516129032,0.06451612903225806,0.0967741935483871,0.06295399515738499,0.14814814814814814,0.043356643356643354,0.09497206703910614,0.0970464135021097,0.06770833333333333,0.12413793103448276,0.07894736842105263,0.0546448087431694,0.07865168539325842,0.10344827586206896,0.12781954887218044,0.08823529411764706,0.07446808510638298,,,,,,,,,,,,,,,,,,,,,,,,,,,,,,,,,,,,,,,,,,,,,,,,,,,
57041,0.06467661691542288,0.0711743772241993,0.07692307692307693,0.03977272727272727,0.07692307692307693,0.08,0.07582938388625593,0.0915032679738562,0.06615776081424936,0.09937888198757763,0.08,0.12574850299401197,0.06578947368421052,0.11682242990654206,0.09745762711864407,0.08496732026143791,0.10457516339869281,0.07191780821917808,0.08108108108108109,0.055944055944055944,0.08441558441558442,0.10526315789473684,0.06428571428571428,0.10526315789473684,0.07459207459207459,0.07947019867549669,0.05198358413132695,0.08717948717948718,0.10276679841897234,0.07211538461538461,0.09937888198757763,0.08928571428571429,0.09045226130653267,0.09278350515463918,0.08947368421052632,0.09395973154362416,0.07236842105263158,0.08823529411764706,0.09027777777777778,,,,,,,,,,,,,,,,,,,,,,,,,,,,,,,,,,,,,,,,,,,,,,,,,,
57367,0.052132701421800945,0.08247422680412371,0.057432432432432436,0.06451612903225806,0.0783132530120482,0.09523809523809523,0.08597285067873303,0.08588957055214724,0.08684863523573201,0.09941520467836257,0.06666666666666667,0.10734463276836158,0.1111111111111111,0.06696428571428571,0.08943089430894309,0.10429447852760736,0.049079754601226995,0.09602649006622517,0.08620689655172414,0.0784313725490196,0.07317073170731707,0.12154696132596685,0.06666666666666667,0.06629834254143646,0.07517084282460136,0.09937888198757763,0.05668016194331984,0.09268292682926829,0.08745247148288973,0.0963302752293578,0.0935672514619883,0.08426966292134831,0.04784688995215311,0.18137254901960784,0.075,0.06289308176100629,0.07407407407407407,0.08878504672897196,0.07792207792207792,0.058823529411764705,,,,,,,,,,,,,,,,,,,,,,,,,,,,,,,,,,,,,,,,,,,,,,,,,
59298,0.08459214501510574,0.08759124087591241,0.08653846153846154,0.06209150326797386,0.04895104895104895,0.09393939393939393,0.07917888563049853,0.0706713780918728,0.15296367112810708,0.08247422680412371,0.07272727272727272,0.09764309764309764,0.06382978723404255,0.09883720930232558,0.1092896174863388,0.06007067137809187,0.05653710247349823,0.11137440758293839,0.08522727272727272,0.06593406593406594,0.07746478873239436,0.07973421926910298,0.05185185185185185,0.09966777408637874,0.1073345259391771,0.08896797153024912,0.09639953542392567,0.08,0.09921671018276762,0.06804733727810651,0.07560137457044673,0.0738255033557047,0.0729483282674772,0.10493827160493827,0.0875,0.07885304659498207,0.05319148936170213,0.08982035928143713,0.06934306569343066,0.1,0.11,,,,,,,,,,,,,,,,,,,,,,,,,,,,,,,,,,,,,,,,,,,,,,,,
60414,0.07692307692307693,0.0625,0.06825938566552901,0.060109289617486336,0.04294478527607362,0.11594202898550725,0.06422018348623854,0.06875,0.07,0.05952380952380952,0.07729468599033816,0.10344827586206896,0.0440251572327044,0.10407239819004525,0.09053497942386832,0.05625,0.08125,0.08695652173913043,0.07860262008733625,0.11333333333333333,0.09937888198757763,0.11797752808988764,0.09523809523809523,0.0898876404494382,0.06880733944954129,0.08227848101265822,0.03929539295392954,0.07920792079207921,0.08846153846153847,0.07441860465116279,0.07142857142857142,0.07428571428571429,0.06796116504854369,0.09950248756218906,0.09644670050761421,0.09615384615384616,0.08176100628930817,0.07109004739336493,0.09933774834437085,0.08383233532934131,0.0847457627118644,0.07744107744107744,,,,,,,,,,,,,,,,,,,,,,,,,,,,,,,,,,,,,,,,,,,,,,,
62810,0.04365079365079365,0.15060240963855423,0.05637982195845697,0.06167400881057269,0.06763285024154589,0.11952191235059761,0.10305343511450382,0.08333333333333333,0.0990990990990991,0.09433962264150944,0.07569721115537849,0.12844036697247707,0.08374384236453201,0.0830188679245283,0.08013937282229965,0.09803921568627451,0.07352941176470588,0.10787172011661808,0.10989010989010989,0.08247422680412371,0.0975609756097561,0.11711711711711711,0.07853403141361257,0.08108108108108109,0.15833333333333333,0.06930693069306931,0.07544757033248081,0.10975609756097561,0.13157894736842105,0.06177606177606178,0.07075471698113207,0.0547945205479452,0.068,0.11020408163265306,0.07053941908713693,0.095,0.09359605911330049,0.0784313725490196,0.08717948717948718,0.10900473933649289,0.09954751131221719,0.09970674486803519,0.09174311926605505,,,,,,,,,,,,,,,,,,,,,,,,,,,,,,,,,,,,,,,,,,,,,,
63207,0.0658682634730539,0.0966183574879227,0.11694510739856802,0.05825242718446602,0.04844290657439446,0.12012012012012012,0.11627906976744186,0.07692307692307693,0.11596958174904944,0.08503401360544217,0.06606606606606606,0.11333333333333333,0.10526315789473684,0.09510086455331412,0.12466124661246612,0.05944055944055944,0.08041958041958042,0.12705882352941175,0.11549295774647887,0.10144927536231885,0.10452961672473868,0.11513157894736842,0.06227106227106227,0.09868421052631579,0.11387900355871886,0.07042253521126761,0.09375,0.10365853658536585,0.11658031088082901,0.093841642228739,0.08843537414965986,0.09302325581395349,0.10542168674698796,0.12232415902140673,0.11455108359133127,0.09219858156028368,0.07719298245614035,0.08011869436201781,0.09025270758122744,0.07849829351535836,0.07920792079207921,0.09692671394799054,0.09,0.09011627906976744,,,,,,,,,,,,,,,,,,,,,,,,,,,,,,,,,,,,,,,,,,,,,
65671,0.0625,0.07236842105263158,0.06796116504854369,0.08542713567839195,0.061452513966480445,0.05829596412556054,0.08547008547008547,0.11363636363636363,0.07451923076923077,0.11413043478260869,0.08071748878923767,0.07368421052631578,0.10285714285714286,0.07172995780590717,0.0694980694980695,0.125,0.056818181818181816,0.06031746031746032,0.07346938775510205,0.03614457831325301,0.07344632768361582,0.09278350515463918,0.06134969325153374,0.06701030927835051,0.06415929203539823,0.06321839080459771,0.0610079575596817,0.08256880733944955,0.07246376811594203,0.07792207792207792,0.07065217391304347,0.06806282722513089,0.04954954954954955,0.09216589861751152,0.09859154929577464,0.06976744186046512,0.04,0.11013215859030837,0.07784431137724551,0.09289617486338798,0.07772020725388601,0.10862619808306709,0.04736842105263158,0.09401709401709402,0.056962025316455694,,,,,,,,,,,,,,,,,,,,,,,,,,,,,,,,,,,,,,,,,,,,
68097,0.09289617486338798,0.060836501901140684,0.055970149253731345,0.06329113924050633,0.057971014492753624,0.08791208791208792,0.07253886010362694,0.07407407407407407,0.042666666666666665,0.0979020979020979,0.07142857142857142,0.10067114093959731,0.05970149253731343,0.07653061224489796,0.0779816513761468,0.037037037037037035,0.06666666666666667,0.06204379562043796,0.07352941176470588,0.072,0.0661764705882353,0.05228758169934641,0.06557377049180328,0.06535947712418301,0.0413625304136253,0.06766917293233082,0.04207573632538569,0.0847457627118644,0.059574468085106386,0.06315789473684211,0.07692307692307693,0.06666666666666667,0.07734806629834254,0.07386363636363637,0.12790697674418605,0.0916030534351145,0.06716417910447761,0.06451612903225806,0.06349206349206349,0.07746478873239436,0.06578947368421052,0.07352941176470588,0.06040268456375839,0.046632124352331605,0.07272727272727272,0.06666666666666667,,,,,,,,,,,,,,,,,,,,,,,,,,,,,,,,,,,,,,,,,,,
68517,0.047619047619047616,0.06896551724137931,0.07796610169491526,0.08108108108108109,0.048484848484848485,0.09569377990430622,0.11363636363636363,0.10493827160493827,0.07213930348258707,0.08235294117647059,0.07655502392344497,0.09090909090909091,0.09937888198757763,0.06726457399103139,0.08163265306122448,0.09259259259259259,0.06790123456790123,0.08970099667774087,0.09956709956709957,0.06578947368421052,0.09202453987730061,0.1111111111111111,0.06040268456375839,0.07222222222222222,0.07077625570776255,0.08125,0.07162162162162163,0.10784313725490197,0.09923664122137404,0.08755760368663594,0.09411764705882353,0.0847457627118644,0.0673076923076923,0.10837438423645321,0.08542713567839195,0.08860759493670886,0.06832298136645963,0.07981220657276995,0.0915032679738562,0.07692307692307693,0.11173184357541899,0.07692307692307693,0.07386363636363637,0.1,0.08278145695364239,0.09375,0.052980132450331126,,,,,,,,,,,,,,,,,,,,,,,,,,,,,,,,,,,,,,,,,,
70761,0.08095238095238096,0.05862068965517241,0.08135593220338982,0.043243243243243246,0.048484848484848485,0.10526315789473684,0.05909090909090909,0.08024691358024691,0.05721393034825871,0.09411764705882353,0.08133971291866028,0.10795454545454546,0.043478260869565216,0.08968609865470852,0.11428571428571428,0.05555555555555555,0.08641975308641975,0.07308970099667775,0.08225108225108226,0.08552631578947369,0.0736196319018405,0.1,0.08053691275167785,0.12777777777777777,0.0730593607305936,0.08125,0.0472972972972973,0.08333333333333333,0.07251908396946564,0.059907834101382486,0.10588235294117647,0.06779661016949153,0.09134615384615384,0.11822660098522167,0.10050251256281408,0.13924050632911392,0.06832298136645963,0.06572769953051644,0.11764705882352941,0.05917159763313609,0.061452513966480445,0.06354515050167224,0.125,0.08636363636363636,0.09933774834437085,0.07291666666666667,0.059602649006622516,0.06179775280898876,,,,,,,,,,,,,,,,,,,,,,,,,,,,,,,,,,,,,,,,,
72856,0.07407407407407407,0.08178438661710037,0.08029197080291971,0.04878048780487805,0.05555555555555555,0.12234042553191489,0.11055276381909548,0.09929078014184398,0.06299212598425197,0.09395973154362416,0.06382978723404255,0.14838709677419354,0.11428571428571428,0.0891089108910891,0.10714285714285714,0.10638297872340426,0.1773049645390071,0.07857142857142857,0.11904761904761904,0.09923664122137404,0.09154929577464789,0.08176100628930817,0.078125,0.09433962264150944,0.05755395683453238,0.09352517985611511,0.0458970792767733,0.1366120218579235,0.11203319502074689,0.07653061224489796,0.0738255033557047,0.11538461538461539,0.10695187165775401,0.08241758241758242,0.1404494382022472,0.13138686131386862,0.07142857142857142,0.09895833333333333,0.11363636363636363,0.1554054054054054,0.08227848101265822,0.08273381294964029,0.09032258064516129,0.09547738693467336,0.08896797153024912,0.0935672514619883,0.1076923076923077,0.08917197452229299,0.11464968152866242,,,,,,,,,,,,,,,,,,,,,,,,,,,,,,,,,,,,,,,,
74151,0.07389162561576355,0.0706713780918728,0.06944444444444445,0.05056179775280899,0.04430379746835443,0.13366336633663367,0.09859154929577464,0.09032258064516129,0.053164556962025315,0.07975460122699386,0.04950495049504951,0.1301775147928994,0.08441558441558442,0.0787037037037037,0.07983193277310924,0.0967741935483871,0.06451612903225806,0.0782312925170068,0.07589285714285714,0.0896551724137931,0.08333333333333333,0.08670520231213873,0.07746478873239436,0.09248554913294797,0.07424593967517401,0.058823529411764705,0.05320600272851296,0.08121827411167512,0.07450980392156863,0.07142857142857142,0.08588957055214724,0.09411764705882353,0.08955223880597014,0.08163265306122448,0.09375,0.09271523178807947,0.06493506493506493,0.0825242718446602,0.0684931506849315,0.08024691358024691,0.0755813953488372,0.07191780821917808,0.08875739644970414,0.0892018779342723,0.1016949152542373,0.07027027027027027,0.06944444444444445,0.08771929824561403,0.0935672514619883,0.12666666666666668,,,,,,,,,,,,,,,,,,,,,,,,,,,,,,,,,,,,,,,
75651,0.07881773399014778,0.06007067137809187,0.07291666666666667,0.03932584269662921,0.06962025316455696,0.0891089108910891,0.11267605633802817,0.09032258064516129,0.08354430379746836,0.09202453987730061,0.07425742574257425,0.10650887573964497,0.14285714285714285,0.08333333333333333,0.08823529411764706,0.09032258064516129,0.07096774193548387,0.09523809523809523,0.13839285714285715,0.07586206896551724,0.08974358974358974,0.09826589595375723,0.04929577464788732,0.07514450867052024,0.06264501160092807,0.05228758169934641,0.05320600272851296,0.14213197969543148,0.0784313725490196,0.08571428571428572,0.06748466257668712,0.1,0.06467661691542288,0.09693877551020408,0.109375,0.08609271523178808,0.09740259740259741,0.09223300970873786,0.10273972602739725,0.07407407407407407,0.09302325581395349,0.08561643835616438,0.05917159763313609,0.07981220657276995,0.09830508474576272,0.08648648648648649,0.09027777777777778,0.0935672514619883,0.07602339181286549,0.08666666666666667,0.08536585365853659,,,,,,,,,,,,,,,,,,,,,,,,,,,,,,,,,,,,,,
76193,0.07692307692307693,0.06312292358803986,0.058823529411764705,0.07142857142857142,0.045454545454545456,0.05454545454545454,0.08658008658008658,0.08670520231213873,0.06295399515738499,0.09944751381215469,0.07272727272727272,0.06417112299465241,0.09883720930232558,0.0641025641025641,0.08984375,0.10982658959537572,0.06358381502890173,0.0673076923076923,0.08677685950413223,0.06748466257668712,0.08620689655172414,0.07853403141361257,0.0375,0.06282722513089005,0.04899777282850779,0.06432748538011696,0.06524633821571238,0.09302325581395349,0.0695970695970696,0.05263157894736842,0.08287292817679558,0.0851063829787234,0.0639269406392694,0.0794392523364486,0.06666666666666667,0.08875739644970414,0.05813953488372093,0.08482142857142858,0.054878048780487805,0.07777777777777778,0.06842105263157895,0.08064516129032258,0.0427807486631016,0.06493506493506493,0.08306709265175719,0.08866995073891626,0.043209876543209874,0.07936507936507936,0.0582010582010582,0.08928571428571429,0.06043956043956044,0.07142857142857142,,,,,,,,,,,,,,,,,,,,,,,,,,,,,,,,,,,,,
79129,0.0594059405940594,0.0851063829787234,0.0627177700348432,0.0847457627118644,0.025477707006369428,0.09950248756218906,0.08962264150943396,0.08441558441558442,0.06345177664974619,0.08641975308641975,0.05472636815920398,0.11904761904761904,0.0718954248366013,0.08372093023255814,0.08016877637130802,0.07142857142857142,0.07142857142857142,0.08532423208191127,0.09417040358744394,0.0763888888888889,0.09032258064516129,0.08139534883720931,0.05673758865248227,0.06976744186046512,0.07441860465116279,0.07236842105263158,0.05327868852459016,0.10714285714285714,0.08661417322834646,0.06698564593301436,0.06172839506172839,0.08284023668639054,0.075,0.08717948717948718,0.11518324607329843,0.08,0.05228758169934641,0.07804878048780488,0.07586206896551724,0.09316770186335403,0.0935672514619883,0.0859106529209622,0.09523809523809523,0.09905660377358491,0.08163265306122448,0.08152173913043478,0.07692307692307693,0.08235294117647059,0.052941176470588235,0.11409395973154363,0.09202453987730061,0.06748466257668712,0.08839779005524862,,,,,,,,,,,,,,,,,,,,,,,,,,,,,,,,,,,,
80509,0.09016393442622951,0.08333333333333333,0.07598784194528875,0.0502283105022831,0.05527638190954774,0.11522633744855967,0.1062992125984252,0.08673469387755102,0.06651376146788991,0.09313725490196079,0.0823045267489712,0.11904761904761904,0.06666666666666667,0.0933852140077821,0.10752688172043011,0.05612244897959184,0.08163265306122448,0.08955223880597014,0.11320754716981132,0.06451612903225806,0.1218274111675127,0.09813084112149532,0.06557377049180328,0.102803738317757,0.09533898305084745,0.08247422680412371,0.06459948320413436,0.10084033613445378,0.07432432432432433,0.099601593625498,0.08333333333333333,0.07109004739336493,0.09504132231404959,0.11814345991561181,0.10300429184549356,0.125,0.10256410256410256,0.06477732793522267,0.09090909090909091,0.08374384236453201,0.0892018779342723,0.08408408408408409,0.09047619047619047,0.11023622047244094,0.11607142857142858,0.061946902654867256,0.08648648648648649,0.08490566037735849,0.10849056603773585,0.07329842931937172,0.07317073170731707,0.08780487804878048,0.06278026905829596,0.07352941176470588,,,,,,,,,,,,,,,,,,,,,,,,,,,,,,,,,,,
82660,0.0711743772241993,0.10526315789473684,0.06830601092896176,0.0546875,0.07627118644067797,0.11785714285714285,0.12027491408934708,0.10300429184549356,0.10782241014799154,0.1037344398340249,0.060714285714285714,0.1417004048582996,0.10775862068965517,0.10204081632653061,0.10126582278481013,0.09871244635193133,0.09012875536480687,0.12096774193548387,0.12582781456953643,0.07623318385650224,0.1111111111111111,0.11155378486055777,0.05454545454545454,0.099601593625498,0.1100196463654224,0.08225108225108226,0.09494451294697903,0.12363636363636364,0.12312312312312312,0.0763888888888889,0.0912863070539419,0.10483870967741936,0.1003584229390681,0.13503649635036497,0.1111111111111111,0.10480349344978165,0.07327586206896551,0.09154929577464789,0.09375,0.0875,0.132,0.12162162162162163,0.0931174089068826,0.140893470790378,0.1447721179624665,0.08745247148288973,0.07657657657657657,0.10843373493975904,0.09236947791164658,0.09649122807017543,0.08677685950413223,0.10743801652892562,0.09615384615384616,0.1078838174273859,0.11307420494699646,,,,,,,,,,,,,,,,,,,,,,,,,,,,,,,,,,
83853,0.031746031746031744,0.06319702602230483,0.05474452554744526,0.054878048780487805,0.05555555555555555,0.06914893617021277,0.08542713567839195,0.12056737588652482,0.05249343832020997,0.087248322147651,0.06382978723404255,0.07741935483870968,0.10714285714285714,0.06435643564356436,0.09821428571428571,0.0851063829787234,0.04964539007092199,0.08214285714285714,0.09523809523809523,0.08396946564885496,0.08450704225352113,0.07547169811320754,0.046875,0.05660377358490566,0.05755395683453238,0.07194244604316546,0.054242002781641166,0.10382513661202186,0.07053941908713693,0.05612244897959184,0.0738255033557047,0.057692307692307696,0.06951871657754011,0.1043956043956044,0.09550561797752809,0.072992700729927,0.06428571428571428,0.08333333333333333,0.045454545454545456,0.0945945945945946,0.08860759493670886,0.08633093525179857,0.07096774193548387,0.09045226130653267,0.08185053380782918,0.0935672514619883,0.08461538461538462,0.08917197452229299,0.07006369426751592,0.09558823529411764,0.09333333333333334,0.08666666666666667,0.07738095238095238,0.12080536912751678,0.041884816753926704,0.10087719298245613,,,,,,,,,,,,,,,,,,,,,,,,,,,,,,,,,
84953,0.08681672025723473,0.09718670076726342,0.09343434343434344,0.06643356643356643,0.05639097744360902,0.11290322580645161,0.08722741433021806,0.07224334600760456,0.0775347912524851,0.14022140221402213,0.08064516129032258,0.10469314079422383,0.07633587786259542,0.09876543209876543,0.13005780346820808,0.07224334600760456,0.07224334600760456,0.11194029850746269,0.10843373493975904,0.06324110671936758,0.07954545454545454,0.09608540925266904,0.048,0.08896797153024912,0.09833024118738404,0.05747126436781609,0.09869203329369798,0.10819672131147541,0.11294765840220386,0.0660377358490566,0.07380073800738007,0.07913669064748201,0.09061488673139159,0.09539473684210527,0.10666666666666667,0.10038610038610038,0.05725190839694656,0.06369426751592357,0.07086614173228346,0.08148148148148149,0.08928571428571429,0.1025,0.06859205776173286,0.09034267912772585,0.1315136476426799,0.07849829351535836,0.07142857142857142,0.08243727598566308,0.1039426523297491,0.08139534883720931,0.06985294117647059,0.10661764705882353,0.07931034482758621,0.08118081180811808,0.11182108626198083,0.11142857142857143,0.07751937984496124,,,,,,,,,,,,,,,,,,,,,,,,,,,,,,,,
86542,0.10606060606060606,0.07913669064748201,0.07773851590106007,0.028901734104046242,0.032679738562091505,0.13705583756345177,0.0673076923076923,0.06666666666666667,0.06153846153846154,0.0949367088607595,0.07614213197969544,0.13414634146341464,0.0738255033557047,0.12322274881516587,0.12446351931330472,0.04,0.12,0.08996539792387544,0.091324200913242,0.07142857142857142,0.09933774834437085,0.09523809523809523,0.058394160583941604,0.11904761904761904,0.07276995305164319,0.060810810810810814,0.04945054945054945,0.08854166666666667,0.092,0.06341463414634146,0.06329113924050633,0.08484848484848485,0.10204081632653061,0.1099476439790576,0.13368983957219252,0.1232876712328767,0.0738255033557047,0.06467661691542288,0.09929078014184398,0.07643312101910828,0.0658682634730539,0.08362369337979095,0.12195121951219512,0.0673076923076923,0.1,0.05,0.07913669064748201,0.04819277108433735,0.12048192771084337,0.11724137931034483,0.09433962264150944,0.08176100628930817,0.05084745762711865,0.08860759493670886,0.09,0.10548523206751055,0.08275862068965517,0.10112359550561797,,,,,,,,,,,,,,,,,,,,,,,,,,,,,,,
87890,0.08333333333333333,0.07394366197183098,0.06920415224913495,0.0670391061452514,0.0440251572327044,0.11330049261083744,0.0794392523364486,0.12179487179487179,0.07323232323232323,0.09146341463414634,0.07881773399014778,0.1,0.06451612903225806,0.08755760368663594,0.1087866108786611,0.09615384615384616,0.09615384615384616,0.09830508474576272,0.08888888888888889,0.0821917808219178,0.09554140127388536,0.09770114942528736,0.1048951048951049,0.10919540229885058,0.07175925925925926,0.06493506493506493,0.04904632152588556,0.09090909090909091,0.0859375,0.061611374407582936,0.07317073170731707,0.1111111111111111,0.07425742574257425,0.08121827411167512,0.12435233160621761,0.1118421052631579,0.07096774193548387,0.0821256038647343,0.09523809523809523,0.11042944785276074,0.08092485549132948,0.07508532423208192,0.08235294117647059,0.08878504672897196,0.09121621621621621,0.0967741935483871,0.07586206896551724,0.06976744186046512,0.06976744186046512,0.10596026490066225,0.07878787878787878,0.08484848484848485,0.10382513661202186,0.11585365853658537,0.10679611650485436,0.09465020576131687,0.09271523178807947,0.08791208791208792,0.09375,,,,,,,,,,,,,,,,,,,,,,,,,,,,,,
88964,0.07168458781362007,0.10584958217270195,0.07142857142857142,0.05511811023622047,0.07264957264957266,0.11151079136690648,0.12110726643598616,0.09956709956709957,0.10828025477707007,0.100418410041841,0.06115107913669065,0.13877551020408163,0.11304347826086956,0.0958904109589041,0.10191082802547771,0.09956709956709957,0.09090909090909091,0.12162162162162163,0.12666666666666668,0.07692307692307693,0.10344827586206896,0.10843373493975904,0.05504587155963303,0.09236947791164658,0.11045364891518737,0.07860262008733625,0.09517923362175525,0.12454212454212454,0.12386706948640483,0.07342657342657342,0.08786610878661087,0.1016260162601626,0.10108303249097472,0.13602941176470587,0.11194029850746269,0.1013215859030837,0.06956521739130435,0.09219858156028368,0.0945945945945946,0.08823529411764706,0.12903225806451613,0.11684782608695653,0.09795918367346938,0.14186851211072665,0.14824797843665768,0.0842911877394636,0.07272727272727272,0.10931174089068826,0.08502024291497975,0.09292035398230089,0.0875,0.10833333333333334,0.08914728682170543,0.10460251046025104,0.10676156583629894,0.4716981132075472,0.10176991150442478,0.11494252873563218,0.10212765957446808,0.0912863070539419,,,,,,,,,,,,,,,,,,,,,,,,,,,,,
91689,0.02702702702702703,0.06037735849056604,0.05185185185185185,0.0625,0.05714285714285714,0.03804347826086957,0.07179487179487179,0.08759124087591241,0.0610079575596817,0.07586206896551724,0.08152173913043478,0.08609271523178808,0.0661764705882353,0.06060606060606061,0.06818181818181818,0.072992700729927,0.051094890510948905,0.05434782608695652,0.05339805825242718,0.047244094488188976,0.050724637681159424,0.07741935483870968,0.04838709677419355,0.09032258064516129,0.05084745762711865,0.07407407407407407,0.043356643356643354,0.055865921787709494,0.07172995780590717,0.041666666666666664,0.06206896551724138,0.07894736842105263,0.060109289617486336,0.06179775280898876,0.05747126436781609,0.07518796992481203,0.04411764705882353,0.0851063829787234,0.078125,0.10416666666666667,0.05194805194805195,0.07664233576642336,0.059602649006622516,0.08205128205128205,0.06859205776173286,0.08383233532934131,0.03968253968253968,0.0784313725490196,0.06535947712418301,0.06818181818181818,0.06164383561643835,0.06164383561643835,0.08536585365853659,0.08275862068965517,0.0481283422459893,0.07142857142857142,0.09090909090909091,0.05905511811023622,0.04964539007092199,0.06802721088435375,0.06756756756756757,,,,,,,,,,,,,,,,,,,,,,,,,,,,
92387,0.03825136612021858,0.045627376425855515,0.03731343283582089,0.056962025316455694,0.050724637681159424,0.038461538461538464,0.07772020725388601,0.07407407407407407,0.05333333333333334,0.04195804195804196,0.054945054945054944,0.04697986577181208,0.04477611940298507,0.05612244897959184,0.045871559633027525,0.05925925925925926,0.044444444444444446,0.051094890510948905,0.0392156862745098,0.04,0.058823529411764705,0.06535947712418301,0.03278688524590164,0.0718954248366013,0.0413625304136253,0.05263157894736842,0.030855539971949508,0.04519774011299435,0.04680851063829787,0.06315789473684211,0.04895104895104895,0.04666666666666667,0.06077348066298342,0.056818181818181816,0.06395348837209303,0.05343511450381679,0.05223880597014925,0.0913978494623656,0.09523809523809523,0.06338028169014084,0.046052631578947366,0.03676470588235294,0.04697986577181208,0.07772020725388601,0.04363636363636364,0.10303030303030303,0.024193548387096774,0.046357615894039736,0.046357615894039736,0.06153846153846154,0.04861111111111111,0.041666666666666664,0.06172839506172839,0.08391608391608392,0.03783783783783784,0.03153153153153153,0.06923076923076923,0.04365079365079365,0.03597122302158273,0.05517241379310345,0.03636363636363636,0.09523809523809523,,,,,,,,,,,,,,,,,,,,,,,,,,,
94127,0.0790273556231003,0.11491442542787286,0.08695652173913043,0.05921052631578947,0.03873239436619718,0.1402439024390244,0.10914454277286136,0.099644128113879,0.09788867562380038,0.08650519031141868,0.051829268292682924,0.1288135593220339,0.08571428571428572,0.11403508771929824,0.13186813186813187,0.07473309608540925,0.1103202846975089,0.13095238095238096,0.10571428571428572,0.08487084870848709,0.08156028368794327,0.09698996655518395,0.055970149253731345,0.09364548494983277,0.13285457809694792,0.07168458781362007,0.08149010477299184,0.10835913312693499,0.09711286089238845,0.06845238095238096,0.08996539792387544,0.08445945945945946,0.09785932721712538,0.11180124223602485,0.11949685534591195,0.09386281588447654,0.07857142857142857,0.09337349397590361,0.08455882352941177,0.08333333333333333,0.0738255033557047,0.10526315789473684,0.09152542372881356,0.09144542772861357,0.12589073634204276,0.0707395498392283,0.07407407407407407,0.08417508417508418,0.09764309764309764,0.09420289855072464,0.1103448275862069,0.08275862068965517,0.07142857142857142,0.08650519031141868,0.10876132930513595,0.11141304347826086,0.06521739130434782,0.09798994974874371,0.11929824561403508,0.08934707903780069,0.11202185792349727,0.058823529411764705,0.025925925925925925,,,,,,,,,,,,,,,,,,,,,,,,,,
95877,0.06631299734748011,0.09190371991247265,0.07792207792207792,0.06818181818181818,0.045180722891566265,0.09042553191489362,0.09560723514211886,0.057750759878419454,0.43409490333919154,0.05637982195845697,0.07180851063829788,0.08746355685131195,0.07926829268292683,0.07179487179487179,0.10436893203883495,0.0668693009118541,0.0486322188449848,0.07692307692307693,0.10552763819095477,0.06269592476489028,0.06666666666666667,0.06628242074927954,0.04430379746835443,0.07492795389048991,0.09586776859504133,0.05504587155963303,0.0970231532524807,0.10242587601078167,0.10023310023310024,0.125,0.07418397626112759,0.08139534883720931,0.07466666666666667,0.10810810810810811,0.08469945355191257,0.04923076923076923,0.06707317073170732,0.12105263157894737,0.06875,0.0744047619047619,0.0838150289017341,0.09871244635193133,0.07871720116618076,0.09302325581395349,0.11513859275053305,0.0807799442896936,0.04716981132075472,0.07246376811594203,0.06376811594202898,0.07098765432098765,0.05621301775147929,0.07988165680473373,0.06741573033707865,0.0712166172106825,0.05804749340369393,0.10336538461538461,0.05864197530864197,0.08071748878923767,0.06006006006006006,0.07374631268436578,0.10628019323671498,0.06875,0.06289308176100629,0.10129310344827586,,,,,,,,,,,,,,,,,,,,,,,,,
97533,0.07692307692307693,0.05343511450381679,0.0599250936329588,0.03821656050955414,0.08029197080291971,0.11602209944751381,0.10416666666666667,0.09701492537313433,0.058823529411764705,0.09154929577464789,0.049723756906077346,0.12162162162162163,0.09774436090225563,0.07179487179487179,0.09216589861751152,0.08208955223880597,0.11194029850746269,0.06227106227106227,0.08866995073891626,0.07258064516129033,0.0962962962962963,0.11842105263157894,0.09917355371900827,0.11842105263157894,0.07560975609756097,0.06818181818181818,0.046348314606741575,0.09090909090909091,0.08547008547008547,0.07407407407407407,0.07746478873239436,0.10738255033557047,0.1,0.09714285714285714,0.08771929824561403,0.11538461538461539,0.08270676691729323,0.07567567567567568,0.104,0.0851063829787234,0.08609271523178808,0.06273062730627306,0.08783783783783784,0.07291666666666667,0.09124087591240876,0.08536585365853659,0.06504065040650407,0.08,0.09333333333333334,0.10077519379844961,0.08391608391608392,0.13286713286713286,0.055900621118012424,0.04929577464788732,0.10869565217391304,0.12669683257918551,0.06201550387596899,0.08764940239043825,0.11594202898550725,0.09722222222222222,0.1278538812785388,0.056,0.056910569105691054,0.10037174721189591,0.06624605678233439,,,,,,,,,,,,,,,,,,,,,,,,
97892,0.05656108597285068,0.07854406130268199,0.07590132827324478,0.04316546762589928,0.05793450881612091,0.08163265306122448,0.10619469026548672,0.07106598984771574,0.12145110410094637,0.05970149253731343,0.05668934240362812,0.07598039215686274,0.08651399491094147,0.07912087912087912,0.09224318658280922,0.0583756345177665,0.06598984771573604,0.11444652908067542,0.1101511879049676,0.059895833333333336,0.0759493670886076,0.08980582524271845,0.05249343832020997,0.06796116504854369,0.1044776119402985,0.06377551020408163,0.10185185185185185,0.10321100917431193,0.11336032388663968,0.0757238307349666,0.05970149253731343,0.06845965770171149,0.075,0.09885057471264368,0.08816705336426914,0.06666666666666667,0.06870229007633588,0.0898876404494382,0.06233766233766234,0.06733167082294264,0.072992700729927,0.08097928436911488,0.06862745098039216,0.08849557522123894,0.13295880149812733,0.0660377358490566,0.044386422976501305,0.08048780487804878,0.05609756097560976,0.07969151670951156,0.062034739454094295,0.08188585607940446,0.0688836104513064,0.05970149253731343,0.08558558558558559,0.11434511434511435,0.05912596401028278,0.07632093933463796,0.06030150753768844,0.07673267326732673,0.11899791231732777,0.05454545454545454,0.04960835509138381,0.09640831758034027,0.12305025996533796,0.06806282722513089,,,,,,,,,,,,,,,,,,,,,,,
101186,0.07171314741035857,0.09063444108761329,0.08928571428571429,0.05309734513274336,0.043689320388349516,0.076,0.10727969348659004,0.09359605911330049,0.0835214446952596,0.10426540284360189,0.072,0.11059907834101383,0.12376237623762376,0.07196969696969698,0.0944055944055944,0.08374384236453201,0.06896551724137931,0.09941520467836257,0.09926470588235294,0.07253886010362694,0.0784313725490196,0.07692307692307693,0.06315789473684211,0.09049773755656108,0.0709812108559499,0.06965174129353234,0.07682458386683738,0.10612244897959183,0.09570957095709572,0.08139534883720931,0.09004739336492891,0.10091743119266056,0.09236947791164658,0.0860655737704918,0.1125,0.07035175879396985,0.06435643564356436,0.08661417322834646,0.08247422680412371,0.08571428571428572,0.10454545454545454,0.08823529411764706,0.07373271889400922,0.08045977011494253,0.11370262390670553,0.09871244635193133,0.09895833333333333,0.1187214611872146,0.0593607305936073,0.09595959595959595,0.07547169811320754,0.1179245283018868,0.09565217391304348,0.10426540284360189,0.07905138339920949,0.1310344827586207,0.11616161616161616,0.125,0.07246376811594203,0.11267605633802817,0.1284722222222222,0.0979381443298969,0.0625,0.09467455621301775,0.09067357512953368,0.08900523560209424,0.08425720620842572,,,,,,,,,,,,,,,,,,,,,,
101866,0.07851239669421488,0.07453416149068323,0.08868501529051988,0.06912442396313365,0.04568527918781726,0.12448132780082988,0.07936507936507936,0.10309278350515463,0.07603686635944701,0.09900990099009901,0.0912863070539419,0.09615384615384616,0.09326424870466321,0.09019607843137255,0.11191335740072202,0.07216494845360824,0.0979381443298969,0.09309309309309309,0.09125475285171103,0.07065217391304347,0.11794871794871795,0.11320754716981132,0.0718232044198895,0.10849056603773585,0.10638297872340426,0.0625,0.06735751295336788,0.09322033898305085,0.11904761904761904,0.08433734939759036,0.0891089108910891,0.08133971291866028,0.10416666666666667,0.08085106382978724,0.1038961038961039,0.08421052631578947,0.07772020725388601,0.09795918367346938,0.0972972972972973,0.08955223880597014,0.07109004739336493,0.08459214501510574,0.10096153846153846,0.09126984126984126,0.11077844311377245,0.08035714285714286,0.08196721311475409,0.1,0.0761904761904762,0.08994708994708994,0.10344827586206896,0.08374384236453201,0.07692307692307693,0.07425742574257425,0.08196721311475409,0.10676156583629894,0.08465608465608465,0.10610932475884244,0.10606060606060606,0.10784313725490197,0.1039426523297491,0.06486486486486487,0.04371584699453552,0.12158054711246201,0.07692307692307693,0.11538461538461539,0.08597285067873303,0.10358565737051793,,,,,,,,,,,,,,,,,,,,,
103761,0.06204379562043796,0.10451977401129943,0.08913649025069638,0.060240963855421686,0.048034934497816595,0.09523809523809523,0.12323943661971831,0.10176991150442478,0.09656652360515021,0.07692307692307693,0.07326007326007326,0.1,0.12444444444444444,0.09059233449477352,0.10032362459546926,0.11061946902654868,0.07079646017699115,0.10136986301369863,0.09830508474576272,0.07407407407407407,0.08370044052863436,0.09836065573770492,0.07042253521126761,0.0778688524590164,0.08764940239043825,0.08928571428571429,0.07835820895522388,0.1044776119402985,0.07975460122699386,0.08896797153024912,0.09401709401709402,0.0995850622406639,0.07720588235294118,0.12359550561797752,0.09125475285171103,0.06306306306306306,0.09333333333333334,0.11552346570397112,0.08755760368663594,0.10300429184549356,0.1111111111111111,0.10192837465564739,0.07916666666666666,0.1056338028169014,0.13387978142076504,0.08984375,0.06511627906976744,0.09090909090909091,0.07851239669421488,0.09049773755656108,0.0851063829787234,0.09787234042553192,0.10276679841897234,0.08974358974358974,0.09057971014492754,0.11182108626198083,0.1085972850678733,0.11661807580174927,0.0782608695652174,0.09745762711864407,0.10932475884244373,0.08294930875576037,0.05581395348837209,0.0997229916897507,0.10024449877750612,0.07476635514018691,0.10759493670886076,0.1166077738515901,0.11313868613138686,,,,,,,,,,,,,,,,,,,,
106329,0.09405940594059406,0.07446808510638298,0.08013937282229965,0.06779661016949153,0.06369426751592357,0.11442786069651742,0.07075471698113207,0.05194805194805195,0.0583756345177665,0.08641975308641975,0.07462686567164178,0.09523809523809523,0.06535947712418301,0.07906976744186046,0.10548523206751055,0.06493506493506493,0.08441558441558442,0.08191126279863481,0.08968609865470852,0.0763888888888889,0.09032258064516129,0.0872093023255814,0.09929078014184398,0.09302325581395349,0.05813953488372093,0.07894736842105263,0.04781420765027322,0.10204081632653061,0.07480314960629922,0.08133971291866028,0.06172839506172839,0.11834319526627218,0.08,0.07692307692307693,0.12041884816753927,0.1,0.032679738562091505,0.07317073170731707,0.0896551724137931,0.14906832298136646,0.07602339181286549,0.08934707903780069,0.08928571428571429,0.05660377358490566,0.07142857142857142,0.07608695652173914,0.08391608391608392,0.052941176470588235,0.07058823529411765,0.1476510067114094,0.09815950920245399,0.08588957055214724,0.055248618784530384,0.08024691358024691,0.07352941176470588,0.07468879668049792,0.053691275167785234,0.09225092250922509,0.08860759493670886,0.08536585365853659,0.07531380753138076,0.05517241379310345,0.03496503496503497,0.09688581314878893,0.06528189910979229,0.08450704225352113,0.06218905472636816,0.07582938388625593,0.08415841584158416,0.07692307692307693,,,,,,,,,,,,,,,,,,,
106990,0.08833922261484099,0.10743801652892562,0.10597826086956522,0.046511627906976744,0.06302521008403361,0.13120567375886524,0.11945392491467577,0.0851063829787234,0.10526315789473684,0.08641975308641975,0.07092198581560284,0.11244979919678715,0.10256410256410256,0.12837837837837837,0.1509433962264151,0.0851063829787234,0.09787234042553192,0.11764705882352941,0.11513157894736842,0.07111111111111111,0.0847457627118644,0.09486166007905138,0.06306306306306306,0.09881422924901186,0.10763209393346379,0.08583690987124463,0.0897908979089791,0.11191335740072202,0.11044776119402985,0.06896551724137931,0.09053497942386832,0.1,0.12811387900355872,0.10869565217391304,0.15808823529411764,0.09956709956709957,0.05982905982905983,0.1048951048951049,0.10619469026548672,0.09090909090909091,0.09523809523809523,0.10752688172043011,0.0963855421686747,0.11262798634812286,0.14133333333333334,0.07547169811320754,0.08035714285714286,0.0796812749003984,0.08366533864541832,0.10869565217391304,0.09016393442622951,0.11475409836065574,0.08015267175572519,0.09465020576131687,0.08070175438596491,0.14906832298136646,0.0782608695652174,0.11931818181818182,0.11297071129707113,0.08979591836734693,0.146875,0.09734513274336283,0.07589285714285714,0.12972972972972974,0.11004784688995216,0.1210762331838565,0.11180124223602485,0.11986301369863013,0.10600706713780919,0.13015873015873017,0.09465020576131687,,,,,,,,,,,,,,,,,,
109203,0.07766990291262135,0.07342657342657342,0.08247422680412371,0.049723756906077346,0.049689440993788817,0.09268292682926829,0.06481481481481481,0.0759493670886076,0.05025125628140704,0.15060240963855423,0.07804878048780488,0.08139534883720931,0.08280254777070063,0.091324200913242,0.1037344398340249,0.06329113924050633,0.06962025316455696,0.10101010101010101,0.08370044052863436,0.060810810810810814,0.10062893081761007,0.09090909090909091,0.04827586206896552,0.09090909090909091,0.06682027649769585,0.057692307692307696,0.05570652173913043,0.085,0.08914728682170543,0.06572769953051644,0.0783132530120482,0.06358381502890173,0.09803921568627451,0.10552763819095477,0.1076923076923077,0.11688311688311688,0.07643312101910828,0.06698564593301436,0.06040268456375839,0.09090909090909091,0.06285714285714286,0.06440677966101695,0.06976744186046512,0.08333333333333333,0.09060402684563758,0.09574468085106383,0.05442176870748299,0.08045977011494253,0.08620689655172414,0.0718954248366013,0.05389221556886228,0.07784431137724551,0.0918918918918919,0.08433734939759036,0.07692307692307693,0.09387755102040816,0.08496732026143791,0.11636363636363636,0.09876543209876543,0.10714285714285714,0.09053497942386832,0.06040268456375839,0.05442176870748299,0.09215017064846416,0.05865102639296188,0.08904109589041095,0.07142857142857142,0.07906976744186046,0.06796116504854369,0.06302521008403361,0.060240963855421686,0.09716599190283401,,,,,,,,,,,,,,,,,
111030,0.0877742946708464,0.07518796992481203,0.07920792079207921,0.04421768707482993,0.051094890510948905,0.1069182389937107,0.0911854103343465,0.055350553505535055,0.08806262230919765,0.06451612903225806,0.059748427672955975,0.11578947368421053,0.04814814814814815,0.09939759036144578,0.10734463276836158,0.04797047970479705,0.08118081180811808,0.0975609756097561,0.09705882352941177,0.06130268199233716,0.0625,0.08996539792387544,0.046511627906976744,0.08996539792387544,0.11517367458866545,0.05204460966542751,0.07891637220259129,0.09904153354632587,0.0862533692722372,0.05521472392638037,0.07168458781362007,0.07342657342657342,0.10410094637223975,0.07692307692307693,0.11038961038961038,0.07865168539325842,0.05555555555555555,0.07142857142857142,0.05725190839694656,0.08633093525179857,0.052083333333333336,0.09313725490196079,0.09473684210526316,0.0851063829787234,0.11435523114355231,0.053156146179401995,0.06538461538461539,0.0627177700348432,0.07665505226480836,0.06766917293233082,0.08214285714285714,0.07142857142857142,0.05704697986577181,0.06810035842293907,0.1059190031152648,0.09776536312849161,0.06390977443609022,0.11082474226804123,0.08727272727272728,0.09252669039145907,0.09550561797752809,0.05343511450381679,0.04230769230769231,0.13054187192118227,0.0881057268722467,0.0888030888030888,0.07707129094412331,0.09146341463414634,0.09404388714733543,0.09971509971509972,0.07526881720430108,0.09722222222222222,0.06713780918727916,,,,,,,,,,,,,,,,
112158,0.04739336492890995,0.06872852233676977,0.060810810810810814,0.03763440860215054,0.10843373493975904,0.08571428571428572,0.09502262443438914,0.08588957055214724,0.08436724565756824,0.07602339181286549,0.05238095238095238,0.11299435028248588,0.1111111111111111,0.08928571428571429,0.08130081300813008,0.08588957055214724,0.10429447852760736,0.08278145695364239,0.09051724137931035,0.08496732026143791,0.10365853658536585,0.09944751381215469,0.08666666666666667,0.09392265193370165,0.0774487471526196,0.08074534161490683,0.04588394062078273,0.0975609756097561,0.08365019011406843,0.0963302752293578,0.09941520467836257,0.0898876404494382,0.06220095693779904,0.11274509803921569,0.095,0.07547169811320754,0.08641975308641975,0.11214953271028037,0.1038961038961039,0.11176470588235295,0.08888888888888889,0.07333333333333333,0.07344632768361582,0.10407239819004525,0.09570957095709572,0.11398963730569948,0.05263157894736842,0.10614525139664804,0.0893854748603352,0.12025316455696203,0.0872093023255814,0.09302325581395349,0.06315789473684211,0.08187134502923976,0.08450704225352113,0.12,0.0759493670886076,0.060714285714285714,0.0658682634730539,0.09248554913294797,0.12096774193548387,0.05844155844155844,0.07894736842105263,0.08053691275167785,0.0838150289017341,0.09933774834437085,0.0851581508515815,0.06363636363636363,0.0947867298578199,0.102880658436214,0.08771929824561403,0.10317460317460317,0.06285714285714286,0.06597222222222222,,,,,,,,,,,,,,,
116056,0.09178743961352658,0.0627177700348432,0.0684931506849315,0.06043956043956044,0.037037037037037035,0.0825242718446602,0.11059907834101383,0.0880503144654088,0.07518796992481203,0.09580838323353294,0.0825242718446602,0.09826589595375723,0.08227848101265822,0.08636363636363636,0.10330578512396695,0.0880503144654088,0.08176100628930817,0.050335570469798654,0.09649122807017543,0.06040268456375839,0.0875,0.11864406779661017,0.07534246575342465,0.07344632768361582,0.06436781609195402,0.08917197452229299,0.05563093622795115,0.1044776119402985,0.08108108108108109,0.06542056074766354,0.10179640718562874,0.08045977011494253,0.09268292682926829,0.065,0.10714285714285714,0.08387096774193549,0.08227848101265822,0.08571428571428572,0.09333333333333334,0.0963855421686747,0.08522727272727272,0.08783783783783784,0.09248554913294797,0.08755760368663594,0.11705685618729098,0.1164021164021164,0.10135135135135136,0.08,0.09714285714285714,0.12337662337662338,0.08333333333333333,0.08928571428571429,0.08602150537634409,0.08383233532934131,0.11961722488038277,0.10569105691056911,0.09090909090909091,0.09057971014492754,0.0736196319018405,0.08284023668639054,0.11475409836065574,0.08666666666666667,0.07432432432432433,0.09863945578231292,0.08187134502923976,0.1292517006802721,0.08108108108108109,0.10648148148148148,0.10144927536231885,0.1087866108786611,0.0718562874251497,0.10483870967741936,0.08771929824561403,0.09507042253521127,0.09090909090909091,,,,,,,,,,,,,,
117667,0.04975124378109453,0.08896797153024912,0.05244755244755245,0.05113636363636364,0.0641025641025641,0.11,0.0995260663507109,0.08496732026143791,0.08142493638676845,0.07453416149068323,0.04,0.11976047904191617,0.125,0.07009345794392523,0.0847457627118644,0.09803921568627451,0.058823529411764705,0.07876712328767123,0.09009009009009009,0.0979020979020979,0.07792207792207792,0.08771929824561403,0.03571428571428571,0.06432748538011696,0.0675990675990676,0.08609271523178808,0.057455540355677154,0.08717948717948718,0.09486166007905138,0.07692307692307693,0.09316770186335403,0.08333333333333333,0.09547738693467336,0.09278350515463918,0.07894736842105263,0.06040268456375839,0.07894736842105263,0.08333333333333333,0.08333333333333333,0.0625,0.10588235294117647,0.07586206896551724,0.07784431137724551,0.09004739336492891,0.10238907849829351,0.04918032786885246,0.056338028169014086,0.08284023668639054,0.05325443786982249,0.08108108108108109,0.09876543209876543,0.09259259259259259,0.07777777777777778,0.09937888198757763,0.09359605911330049,0.1125,0.07432432432432433,0.08888888888888889,0.08280254777070063,0.08588957055214724,0.1134453781512605,0.041666666666666664,0.035211267605633804,0.09722222222222222,0.08630952380952381,0.09929078014184398,0.06483790523690773,0.10952380952380952,0.07462686567164178,0.10300429184549356,0.06832298136645963,0.08677685950413223,0.07878787878787878,0.09352517985611511,0.07647058823529412,0.060240963855421686,,,,,,,,,,,,,
119508,0.07984790874524715,0.1661807580174927,0.07758620689655173,0.07142857142857142,0.05963302752293578,0.12213740458015267,0.0989010989010989,0.11627906976744186,0.07252747252747253,0.09865470852017937,0.08015267175572519,0.12663755458515283,0.0794392523364486,0.10869565217391304,0.1040268456375839,0.08837209302325581,0.06511627906976744,0.10451977401129943,0.13028169014084506,0.08292682926829269,0.09722222222222222,0.12875536480686695,0.07920792079207921,0.09871244635193133,0.14867617107942974,0.08450704225352113,0.07566204287515763,0.12840466926070038,0.11428571428571428,0.08888888888888889,0.08520179372197309,0.08260869565217391,0.07662835249042145,0.10546875,0.1111111111111111,0.13270142180094788,0.09813084112149532,0.08646616541353383,0.10194174757281553,0.0945945945945946,0.08189655172413793,0.08806818181818182,0.11790393013100436,0.21245421245421245,0.1352112676056338,0.10204081632653061,0.07352941176470588,0.09090909090909091,0.10822510822510822,0.10476190476190476,0.11160714285714286,0.11160714285714286,0.0743801652892562,0.1031390134529148,0.1169811320754717,0.12582781456953643,0.08095238095238096,0.10843373493975904,0.0958904109589041,0.08888888888888889,0.12666666666666668,0.07281553398058252,0.06372549019607843,0.10571428571428572,0.07788944723618091,0.09852216748768473,0.09719222462203024,0.09191176470588236,0.10646387832699619,0.1152542372881356,0.09417040358744394,0.11513157894736842,0.10572687224669604,0.09411764705882353,0.09482758620689655,0.11842105263157894,0.08558558558558559,,,,,,,,,,,,
119838,0.07,0.06785714285714285,0.07719298245614035,0.07428571428571429,0.07096774193548387,0.05527638190954774,0.08095238095238096,0.09868421052631579,0.07142857142857142,0.175,0.09547738693467336,0.09036144578313253,0.09933774834437085,0.06103286384976526,0.09361702127659574,0.1118421052631579,0.07236842105263158,0.07903780068728522,0.08144796380090498,0.07042253521126761,0.08496732026143791,0.10588235294117647,0.10071942446043165,0.07647058823529412,0.06074766355140187,0.09333333333333334,0.049315068493150684,0.09278350515463918,0.10714285714285714,0.07246376811594203,0.10625,0.0718562874251497,0.06565656565656566,0.12435233160621761,0.08465608465608465,0.12837837837837837,0.052980132450331126,0.08866995073891626,0.06293706293706294,0.09433962264150944,0.11242603550295859,0.07958477508650519,0.060240963855421686,0.09047619047619047,0.0821917808219178,0.17582417582417584,0.06382978723404255,0.11904761904761904,0.09523809523809523,0.11564625850340136,0.06832298136645963,0.06832298136645963,0.10614525139664804,0.075,0.06435643564356436,0.09623430962343096,0.08843537414965986,0.11895910780669144,0.0641025641025641,0.09259259259259259,0.09282700421940929,0.09090909090909091,0.05673758865248227,0.08362369337979095,0.08059701492537313,0.09285714285714286,0.08,0.11004784688995216,0.08,0.09482758620689655,0.09375,0.08713692946058091,0.12195121951219512,0.05054151624548736,0.11242603550295859,0.10909090909090909,0.06918238993710692,0.10407239819004525,,,,,,,,,,,
122100,0.0663265306122449,0.07971014492753623,0.05693950177935943,0.05263157894736842,0.0728476821192053,0.07692307692307693,0.10679611650485436,0.10135135135135136,0.07474226804123711,0.0641025641025641,0.05641025641025641,0.1111111111111111,0.05442176870748299,0.0861244019138756,0.07792207792207792,0.06756756756756757,0.05405405405405406,0.08362369337979095,0.09216589861751152,0.10144927536231885,0.08053691275167785,0.10843373493975904,0.06666666666666667,0.10240963855421686,0.07547169811320754,0.0821917808219178,0.046831955922865015,0.08947368421052632,0.10080645161290322,0.07881773399014778,0.0641025641025641,0.06134969325153374,0.06701030927835051,0.1111111111111111,0.07567567567567568,0.08333333333333333,0.07482993197278912,0.08040201005025126,0.08633093525179857,0.06451612903225806,0.12121212121212122,0.08421052631578947,0.08641975308641975,0.09223300970873786,0.0798611111111111,0.06179775280898876,0.06569343065693431,0.06097560975609756,0.09146341463414634,0.1048951048951049,0.08280254777070063,0.09554140127388536,0.07428571428571429,0.10897435897435898,0.09595959595959595,0.10638297872340426,0.06293706293706294,0.06792452830188679,0.08552631578947369,0.0759493670886076,0.1072961373390558,0.07913669064748201,0.058394160583941604,0.07773851590106007,0.06646525679758308,0.09558823529411764,0.08333333333333333,0.05853658536585366,0.08673469387755102,0.07894736842105263,0.07692307692307693,0.08438818565400844,0.05625,0.08058608058608059,0.10303030303030303,0.08695652173913043,0.10967741935483871,0.10138248847926268,0.08441558441558442,,,,,,,,,,
122697,0.10526315789473684,0.0726643598615917,0.08843537414965986,0.07065217391304347,0.054878048780487805,0.10096153846153846,0.0776255707762557,0.11801242236024845,0.06982543640897755,0.1301775147928994,0.10096153846153846,0.10285714285714286,0.14375,0.0990990990990991,0.12295081967213115,0.08074534161490683,0.10559006211180125,0.09666666666666666,0.10434782608695652,0.08609271523178808,0.09259259259259259,0.11173184357541899,0.06756756756756757,0.12290502793296089,0.059496567505720827,0.08176100628930817,0.056833558863328824,0.11330049261083744,0.1111111111111111,0.06944444444444445,0.08875739644970414,0.11931818181818182,0.10628019323671498,0.10396039603960396,0.15656565656565657,0.12101910828025478,0.05625,0.09905660377358491,0.07894736842105263,0.1130952380952381,0.0898876404494382,0.1040268456375839,0.10285714285714286,0.0958904109589041,0.10631229235880399,0.1256544502617801,0.1,0.07344632768361582,0.0847457627118644,0.1346153846153846,0.07647058823529412,0.10588235294117647,0.10638297872340426,0.11834319526627218,0.08530805687203792,0.12096774193548387,0.08974358974358974,0.11510791366906475,0.12121212121212122,0.1111111111111111,0.11788617886178862,0.07894736842105263,0.06666666666666667,0.10135135135135136,0.0755813953488372,0.1342281879194631,0.08312958435207823,0.12385321100917432,0.09569377990430622,0.1037344398340249,0.10650887573964497,0.132,0.10982658959537572,0.09090909090909091,0.0898876404494382,0.10919540229885058,0.11904761904761904,0.10434782608695652,0.12574850299401197,0.09815950920245399,,,,,,,,,
125659,0.07373271889400922,0.06734006734006734,0.06622516556291391,0.041666666666666664,0.0755813953488372,0.10185185185185185,0.0881057268722467,0.11242603550295859,0.07334963325183375,0.11299435028248588,0.05555555555555555,0.12021857923497267,0.10714285714285714,0.08260869565217391,0.11507936507936507,0.07100591715976332,0.08284023668639054,0.07792207792207792,0.1134453781512605,0.09433962264150944,0.08823529411764706,0.10695187165775401,0.057692307692307696,0.08021390374331551,0.08314606741573034,0.10778443113772455,0.07095046854082998,0.11848341232227488,0.09665427509293681,0.09821428571428571,0.1016949152542373,0.10869565217391304,0.09767441860465116,0.11904761904761904,0.13106796116504854,0.09696969696969697,0.08333333333333333,0.11363636363636363,0.08125,0.07386363636363637,0.10752688172043011,0.06535947712418301,0.08743169398907104,0.11894273127753303,0.10679611650485436,0.08040201005025126,0.0759493670886076,0.06486486486486487,0.0918918918918919,0.0975609756097561,0.09550561797752809,0.0898876404494382,0.08673469387755102,0.096045197740113,0.1187214611872146,0.109375,0.09146341463414634,0.08741258741258741,0.09248554913294797,0.07262569832402235,0.11023622047244094,0.05,0.05063291139240506,0.10526315789473684,0.07954545454545454,0.10191082802547771,0.08393285371702638,0.09734513274336283,0.09216589861751152,0.0963855421686747,0.07909604519774012,0.1124031007751938,0.09944751381215469,0.08843537414965986,0.0913978494623656,0.10989010989010989,0.07954545454545454,0.11764705882352941,0.10285714285714286,0.07602339181286549,0.1358695652173913,,,,,,,,
126660,0.05,0.07333333333333333,0.05573770491803279,0.06666666666666667,0.05714285714285714,0.0502283105022831,0.09130434782608696,0.09883720930232558,0.055825242718446605,0.05555555555555555,0.0593607305936073,0.08064516129032258,0.05847953216374269,0.06437768240343347,0.06274509803921569,0.0755813953488372,0.06395348837209303,0.06752411575562701,0.08713692946058091,0.04938271604938271,0.057803468208092484,0.07368421052631578,0.031446540880503145,0.05263157894736842,0.049107142857142856,0.06470588235294118,0.05733333333333333,0.08411214953271028,0.0661764705882353,0.039647577092511016,0.05555555555555555,0.06417112299465241,0.03211009174311927,0.0892018779342723,0.07655502392344497,0.07142857142857142,0.07017543859649122,0.09865470852017937,0.0736196319018405,0.07262569832402235,0.07936507936507936,0.0744336569579288,0.06989247311827956,0.08695652173913043,0.07371794871794872,0.10396039603960396,0.055900621118012424,0.09574468085106383,0.05851063829787234,0.05389221556886228,0.06077348066298342,0.06629834254143646,0.06030150753768844,0.07222222222222222,0.06306306306306306,0.08494208494208494,0.08383233532934131,0.0657439446366782,0.03409090909090909,0.09340659340659341,0.08171206225680934,0.09815950920245399,0.08695652173913043,0.06514657980456026,0.059154929577464786,0.05,0.07857142857142857,0.11353711790393013,0.07727272727272727,0.09523809523809523,0.06111111111111111,0.07662835249042145,0.043478260869565216,0.04713804713804714,0.07407407407407407,0.05945945945945946,0.0782122905027933,0.08298755186721991,0.07303370786516854,0.06321839080459771,0.06417112299465241,0.06153846153846154,,,,,,,
129324,0.0847457627118644,0.06962025316455696,0.07476635514018691,0.061611374407582936,0.041884816753926704,0.10638297872340426,0.10569105691056911,0.13297872340425532,0.07476635514018691,0.09183673469387756,0.07659574468085106,0.11386138613861387,0.10695187165775401,0.08032128514056225,0.11808118081180811,0.0797872340425532,0.09042553191489362,0.12232415902140673,0.10505836575875487,0.06179775280898876,0.09523809523809523,0.0970873786407767,0.06857142857142857,0.10194174757281553,0.09051724137931035,0.06989247311827956,0.0639686684073107,0.10869565217391304,0.1076388888888889,0.06172839506172839,0.05102040816326531,0.09852216748768473,0.09401709401709402,0.08733624454148471,0.1288888888888889,0.07608695652173914,0.06951871657754011,0.09205020920502092,0.0782122905027933,0.08717948717948718,0.1073170731707317,0.09230769230769231,0.0891089108910891,0.1016260162601626,0.12195121951219512,0.0871559633027523,0.07344632768361582,0.09313725490196079,0.058823529411764705,0.09836065573770492,0.09644670050761421,0.09644670050761421,0.09767441860465116,0.09183673469387756,0.09243697478991597,0.11272727272727273,0.10382513661202186,0.12131147540983607,0.109375,0.12121212121212122,0.10622710622710622,0.08379888268156424,0.062146892655367235,0.10835913312693499,0.08086253369272237,0.08522727272727272,0.0963302752293578,0.12244897959183673,0.11864406779661017,0.11567164179104478,0.10204081632653061,0.12274368231046931,0.08,0.10543130990415335,0.07317073170731707,0.08955223880597014,0.08205128205128205,0.09727626459143969,0.0979381443298969,0.07368421052631578,0.12807881773399016,0.10900473933649289,0.0794392523364486,,,,,,
130953,0.053811659192825115,0.06930693069306931,0.06168831168831169,0.05555555555555555,0.03932584269662921,0.08108108108108109,0.11587982832618025,0.10857142857142857,0.0746987951807229,0.06557377049180328,0.07207207207207207,0.08465608465608465,0.07471264367816093,0.07203389830508475,0.07751937984496124,0.06857142857142857,0.08,0.09872611464968153,0.10655737704918032,0.06666666666666667,0.08522727272727272,0.08808290155440414,0.05555555555555555,0.07253886010362694,0.07317073170731707,0.09248554913294797,0.055776892430278883,0.09216589861751152,0.08363636363636363,0.06086956521739131,0.07103825136612021,0.07894736842105263,0.07239819004524888,0.09259259259259259,0.08490566037735849,0.1111111111111111,0.08620689655172414,0.10176991150442478,0.0783132530120482,0.08241758241758242,0.09895833333333333,0.08333333333333333,0.09523809523809523,0.09012875536480687,0.09206349206349207,0.07804878048780488,0.06097560975609756,0.09947643979057591,0.08376963350785341,0.08823529411764706,0.059782608695652176,0.09239130434782608,0.08415841584158416,0.07650273224043716,0.07555555555555556,0.09923664122137404,0.07058823529411765,0.09931506849315068,0.0782122905027933,0.0972972972972973,0.09615384615384616,0.060240963855421686,0.054878048780487805,0.07741935483870968,0.0782122905027933,0.09815950920245399,0.06619385342789598,0.10344827586206896,0.08968609865470852,0.10588235294117647,0.09836065573770492,0.09848484848484848,0.06417112299465241,0.07666666666666666,0.07291666666666667,0.09042553191489362,0.07692307692307693,0.10655737704918032,0.09392265193370165,0.096045197740113,0.1,0.09595959595959595,0.0945273631840796,0.0967741935483871,,,,,
132703,0.10606060606060606,0.07267441860465117,0.0830945558739255,0.0502092050209205,0.0319634703196347,0.09125475285171103,0.09854014598540146,0.08333333333333333,0.06798245614035088,0.07589285714285714,0.060836501901140684,0.08695652173913043,0.06511627906976744,0.08664259927797834,0.10367892976588629,0.0787037037037037,0.09722222222222222,0.10985915492957747,0.11228070175438597,0.07281553398058252,0.08294930875576037,0.1111111111111111,0.07389162561576355,0.07692307692307693,0.09552845528455285,0.0794392523364486,0.07304785894206549,0.10077519379844961,0.10443037974683544,0.05904059040590406,0.0625,0.09090909090909091,0.09541984732824428,0.08949416342412451,0.13043478260869565,0.09433962264150944,0.07441860465116279,0.0749063670411985,0.08695652173913043,0.07174887892376682,0.07725321888412018,0.08781869688385269,0.09130434782608696,0.0948905109489051,0.10393258426966293,0.07317073170731707,0.06829268292682927,0.07758620689655173,0.09482758620689655,0.0947867298578199,0.07111111111111111,0.09333333333333334,0.09465020576131687,0.07142857142857142,0.09774436090225563,0.09900990099009901,0.06635071090047394,0.08708708708708708,0.10454545454545454,0.09292035398230089,0.09966777408637874,0.05314009661835749,0.05365853658536585,0.1111111111111111,0.06516290726817042,0.10784313725490197,0.08189655172413793,0.08424908424908426,0.10606060606060606,0.08783783783783784,0.08928571428571429,0.12459016393442623,0.07456140350877193,0.11730205278592376,0.0815450643776824,0.09170305676855896,0.05829596412556054,0.10877192982456141,0.07207207207207207,0.07339449541284404,0.09523809523809523,0.09205020920502092,0.06198347107438017,0.07751937984496124,0.09795918367346938,,,,
134427,0.05853658536585366,0.07368421052631578,0.04827586206896552,0.07222222222222222,0.05,0.10784313725490197,0.07906976744186046,0.07643312101910828,0.05037783375314862,0.04242424242424243,0.058823529411764705,0.0935672514619883,0.0641025641025641,0.06880733944954129,0.07916666666666666,0.05732484076433121,0.06369426751592357,0.08108108108108109,0.08849557522123894,0.06802721088435375,0.08860759493670886,0.09714285714285714,0.0625,0.13142857142857142,0.06697459584295612,0.1032258064516129,0.047619047619047616,0.09547738693467336,0.0622568093385214,0.06132075471698113,0.15757575757575756,0.0755813953488372,0.059113300492610835,0.1111111111111111,0.09278350515463918,0.09803921568627451,0.0641025641025641,0.052884615384615384,0.10810810810810811,0.042682926829268296,0.07471264367816093,0.06802721088435375,0.09941520467836257,0.06976744186046512,0.09090909090909091,0.053475935828877004,0.0684931506849315,0.057803468208092484,0.12716763005780346,0.07236842105263158,0.0783132530120482,0.06626506024096386,0.05434782608695652,0.06060606060606061,0.10144927536231885,0.08196721311475409,0.06578947368421052,0.08029197080291971,0.08695652173913043,0.07784431137724551,0.07851239669421488,0.0472972972972973,0.04794520547945205,0.08904109589041095,0.05,0.07586206896551724,0.04197530864197531,0.06074766355140187,0.06341463414634146,0.09282700421940929,0.07272727272727272,0.08130081300813008,0.05325443786982249,0.06382978723404255,0.09195402298850575,0.07647058823529412,0.07317073170731707,0.10619469026548672,0.06134969325153374,0.07547169811320754,0.05813953488372093,0.07777777777777778,0.060109289617486336,0.07035175879396985,0.05913978494623656,0.07048458149779736,,,
134923,0.0794979079497908,0.08150470219435736,0.08641975308641975,0.0794392523364486,0.06701030927835051,0.1134453781512605,0.10441767068273092,0.08376963350785341,0.09744779582366589,0.08542713567839195,0.07142857142857142,0.12195121951219512,0.08947368421052632,0.1111111111111111,0.10948905109489052,0.09424083769633508,0.09947643979057591,0.10606060606060606,0.11923076923076924,0.09392265193370165,0.09895833333333333,0.11483253588516747,0.09550561797752809,0.10047846889952153,0.08993576017130621,0.08465608465608465,0.06501950585175553,0.12017167381974249,0.10996563573883161,0.07723577235772358,0.10050251256281408,0.1262135922330097,0.10548523206751055,0.1336206896551724,0.10964912280701754,0.11229946524064172,0.09473684210526316,0.09504132231404959,0.11538461538461539,0.09595959595959595,0.09615384615384616,0.08536585365853659,0.12195121951219512,0.10441767068273092,0.14803625377643503,0.06787330316742081,0.07777777777777778,0.0966183574879227,0.12077294685990338,0.12903225806451613,0.13,0.105,0.0963302752293578,0.09045226130653267,0.0995850622406639,0.13309352517985612,0.10215053763440861,0.10714285714285714,0.11282051282051282,0.1044776119402985,0.13043478260869565,0.07692307692307693,0.044444444444444446,0.12269938650306748,0.10427807486631016,0.12849162011173185,0.09111617312072894,0.10080645161290322,0.12133891213389121,0.11439114391143912,0.09547738693467336,0.14285714285714285,0.08866995073891626,0.10759493670886076,0.10096153846153846,0.11764705882352941,0.08080808080808081,0.11538461538461539,0.09137055837563451,0.09326424870466321,0.10194174757281553,0.1261682242990654,0.055299539170506916,0.13304721030042918,0.10909090909090909,0.10727969348659004,0.10891089108910891,,


Max ,0.4716981132075472,82660,88964
AVG ,0.084
Total Coverage ,0.377